{
  "resourceType" : "ConceptMap",
  "id" : "VaccineTradeItemtoManufacturer",
  "text" : {
    "status" : "generated",
    "div" : "<div xmlns=\"http://www.w3.org/1999/xhtml\"><p class=\"res-header-id\"><b>Generated Narrative: ConceptMap VaccineTradeItemtoManufacturer</b></p><a name=\"VaccineTradeItemtoManufacturer\"> </a><a name=\"hcVaccineTradeItemtoManufacturer\"> </a><p>Mapping from (not specified) to (not specified)</p><br/><p><b>Group 1 </b>Mapping from <a href=\"ValueSet-preQualVaccines.html\">preQualVaccines</a> to <a href=\"ValueSet-VaccineManufacturer.html\">VaccineManufacturer</a></p><table class=\"grid\"><tr><td><b>Source Code</b></td><td><b>Relationship</b></td><td><b>Target Code</b></td></tr><tr><td>95dd021427d11cc5b1e993a2346ae125</td><td><a href=\"http://hl7.org/fhir/R5/codesystem-concept-map-relationship.html#equivalent\" title=\"equivalent\">is equivalent to</a></td><td>9f078889f4903702762d00303f0ff713</td></tr><tr><td>ded6dc4f66c4eec9178bd13b7fdba477</td><td><a href=\"http://hl7.org/fhir/R5/codesystem-concept-map-relationship.html#equivalent\" title=\"equivalent\">is equivalent to</a></td><td>9f078889f4903702762d00303f0ff713</td></tr><tr><td>42c7d74ee190836754548484817630fb</td><td><a href=\"http://hl7.org/fhir/R5/codesystem-concept-map-relationship.html#equivalent\" title=\"equivalent\">is equivalent to</a></td><td>9f078889f4903702762d00303f0ff713</td></tr><tr><td>a72d752a75badd7e33bb96f261eac666</td><td><a href=\"http://hl7.org/fhir/R5/codesystem-concept-map-relationship.html#equivalent\" title=\"equivalent\">is equivalent to</a></td><td>9f078889f4903702762d00303f0ff713</td></tr><tr><td>7e6bac61531f2943ec146a5152f26de8</td><td><a href=\"http://hl7.org/fhir/R5/codesystem-concept-map-relationship.html#equivalent\" title=\"equivalent\">is equivalent to</a></td><td>9f078889f4903702762d00303f0ff713</td></tr><tr><td>83b74943e21289d183eb515e4f69d62e</td><td><a href=\"http://hl7.org/fhir/R5/codesystem-concept-map-relationship.html#equivalent\" title=\"equivalent\">is equivalent to</a></td><td>fca41003618e5d38b1d6e5d20833ca98</td></tr><tr><td>2c594b69b8b6b5d4b77a22d7ef6ae760</td><td><a href=\"http://hl7.org/fhir/R5/codesystem-concept-map-relationship.html#equivalent\" title=\"equivalent\">is equivalent to</a></td><td>fca41003618e5d38b1d6e5d20833ca98</td></tr><tr><td>a640b9f1e3bf870989c9f7498a0ae5a1</td><td><a href=\"http://hl7.org/fhir/R5/codesystem-concept-map-relationship.html#equivalent\" title=\"equivalent\">is equivalent to</a></td><td>f18703fb02e156a8ae879e4216f6c561</td></tr><tr><td>687886afca59bc5df06e1dd4c0613080</td><td><a href=\"http://hl7.org/fhir/R5/codesystem-concept-map-relationship.html#equivalent\" title=\"equivalent\">is equivalent to</a></td><td>51a62ec68a89ce14cf95679495b66719</td></tr><tr><td>4e129a70f41a1880e67260e06b25330c</td><td><a href=\"http://hl7.org/fhir/R5/codesystem-concept-map-relationship.html#equivalent\" title=\"equivalent\">is equivalent to</a></td><td>51a62ec68a89ce14cf95679495b66719</td></tr><tr><td>b16c68782d6fcb1e171cae388f96083a</td><td><a href=\"http://hl7.org/fhir/R5/codesystem-concept-map-relationship.html#equivalent\" title=\"equivalent\">is equivalent to</a></td><td>51a62ec68a89ce14cf95679495b66719</td></tr></table></div>"
  },
  "url" : "http://smart.who.int/icvp/ConceptMap/VaccineTradeItemtoManufacturer",
  "version" : "0.3.0",
  "name" : "VaccineTradeItemtoManufacturer",
  "title" : "ConceptMap from Vaccine Trade Item to Manufacturer",
  "status" : "active",
  "experimental" : false,
  "date" : "2025-10-17T14:13:48+00:00",
  "publisher" : "WHO",
  "contact" : [{
    "name" : "WHO",
    "telecom" : [{
      "system" : "url",
      "value" : "http://who.int"
    }]
  }],
  "description" : "Mapping from Vaccine Trade Item to Manufacturer",
  "group" : [{
    "source" : "http://smart.who.int/icvp/ValueSet/preQualVaccines",
    "target" : "http://smart.who.int/icvp/ValueSet/VaccineManufacturer",
    "element" : [{
      "code" : "95dd021427d11cc5b1e993a2346ae125",
      "target" : [{
        "code" : "9f078889f4903702762d00303f0ff713",
        "equivalence" : "equivalent"
      }]
    },
    {
      "code" : "ded6dc4f66c4eec9178bd13b7fdba477",
      "target" : [{
        "code" : "9f078889f4903702762d00303f0ff713",
        "equivalence" : "equivalent"
      }]
    },
    {
      "code" : "42c7d74ee190836754548484817630fb",
      "target" : [{
        "code" : "9f078889f4903702762d00303f0ff713",
        "equivalence" : "equivalent"
      }]
    },
    {
      "code" : "a72d752a75badd7e33bb96f261eac666",
      "target" : [{
        "code" : "9f078889f4903702762d00303f0ff713",
        "equivalence" : "equivalent"
      }]
    },
    {
      "code" : "7e6bac61531f2943ec146a5152f26de8",
      "target" : [{
        "code" : "9f078889f4903702762d00303f0ff713",
        "equivalence" : "equivalent"
      }]
    },
    {
      "code" : "83b74943e21289d183eb515e4f69d62e",
      "target" : [{
        "code" : "fca41003618e5d38b1d6e5d20833ca98",
        "equivalence" : "equivalent"
      }]
    },
    {
      "code" : "2c594b69b8b6b5d4b77a22d7ef6ae760",
      "target" : [{
        "code" : "fca41003618e5d38b1d6e5d20833ca98",
        "equivalence" : "equivalent"
      }]
    },
    {
      "code" : "a640b9f1e3bf870989c9f7498a0ae5a1",
      "target" : [{
        "code" : "f18703fb02e156a8ae879e4216f6c561",
        "equivalence" : "equivalent"
      }]
    },
    {
      "code" : "687886afca59bc5df06e1dd4c0613080",
      "target" : [{
        "code" : "51a62ec68a89ce14cf95679495b66719",
        "equivalence" : "equivalent"
      }]
    },
    {
      "code" : "4e129a70f41a1880e67260e06b25330c",
      "target" : [{
        "code" : "51a62ec68a89ce14cf95679495b66719",
        "equivalence" : "equivalent"
      }]
    },
    {
      "code" : "b16c68782d6fcb1e171cae388f96083a",
      "target" : [{
        "code" : "51a62ec68a89ce14cf95679495b66719",
        "equivalence" : "equivalent"
      }]
    }]
  }]
}