"Id","Path","Slice Name","Alias(s)","Label","Min","Max","Must Support?","Is Modifier?","Is Summary?","Type(s)","Short","Definition","Comments","Requirements","Default Value","Meaning When Missing","Fixed Value","Pattern","Example","Minimum Value","Maximum Value","Maximum Length","Binding Strength","Binding Description","Binding Value Set","Code","Slicing Discriminator","Slicing Description","Slicing Ordered","Slicing Rules","Base Path","Base Min","Base Max","Condition(s)","Constraint(s)"
"ICVPVaccineDetails","ICVPVaccineDetails","","","",0,*,"","","","null {[]} {[]}
","ICVP - Vaccine Details","Vaccine Data elements for the International Certificate of Vaccination or Prophylaxis","","","","","","","","","",,,,,"",,,,"Base",0,*,"","must-have-issuer-or-clinician:Either issuer or clinicianName must be present {issuer.exists() or clinicianName.exists()}
"
"ICVPVaccineDetails.productID","ICVPVaccineDetails.productID","","","",1,1,"","","","Coding {[]} {[]}
","Vaccine Product","Vaccine product information (note: use InventoryItem in FHIR R6)","","","","","","","","","",,,,,"",,,,"VaccineDetails.productID",1,1,"","is-a-prequal-product-id:Product ID comes from the PreQual Database {system = 'http://smart.who.int/pcmt-vaxprequal/CodeSystem/PreQualProductIds'}
is-an-icvp-product-id:Product ID comes from the ICVP vaccines from the PreQual Databatase {

system = 'http://smart.who.int/pcmt-vaxprequal/CodeSystem/PreQualProductIds'

}"
"ICVPVaccineDetails.date","ICVPVaccineDetails.date","","","",1,1,"","","","date {[]} {[]}
","Date","Date of vaccine","","","","","","","","","",,,,,"",,,,"VaccineDetails.date",1,1,"",""
"ICVPVaccineDetails.issuer","ICVPVaccineDetails.issuer","","","",0,1,"","","","Reference {[]} {[CanonicalType[http://hl7.org/fhir/StructureDefinition/Organization]]}
","Issuing Organization","Relevant authoring reponsible for issuing the certificate, or for overseeing the administration center","","","","","","","","","",,,,,"",,,,"VaccineDetails.issuer",0,1,"",""
"ICVPVaccineDetails.clinicianName","ICVPVaccineDetails.clinicianName","","","",0,1,"","","","string {[]} {[]}
","Name of supervising clinician","Name of supervising clinician, or relevant authority responsible for issuing this certificate, or for overseeing the administering centre","","","","","","","","","",,,,,"",,,,"VaccineDetails.clinicianName",0,1,"",""
"ICVPVaccineDetails.batchNo","ICVPVaccineDetails.batchNo","","","",1,1,"","","","CodeableConcept {[]} {[]}
","Batch No","Batch No","","","","","","","","","",,,,,"",,,,"VaccineDetails.batchNo",1,1,"",""
"ICVPVaccineDetails.validityPeriod","ICVPVaccineDetails.validityPeriod","","","",0,1,"","","","Period {[]} {[]}
","Certificate validity period","Certificate validity period","","","","","","","","","",,,,,"",,,,"VaccineDetails.validityPeriod",0,1,"",""
