{"resourceType":"ValueSet","id":"preQualVaccines","text":{"status":"generated","div":"<div xmlns=\"http://www.w3.org/1999/xhtml\"><p class=\"res-header-id\"><b>Generated Narrative: ValueSet preQualVaccines</b></p><a name=\"preQualVaccines\"> </a><a name=\"hcpreQualVaccines\"> </a><ul><li>Include all codes defined in <a href=\"CodeSystem-preQualVaccines.html\"><code>http://smart.who.int/icvp/CodeSystem/preQualVaccines</code></a></li></ul></div>"},"url":"http://smart.who.int/icvp/ValueSet/preQualVaccines","version":"0.2.0","name":"preQualVaccines","title":"preQualVaccines","status":"active","date":"2025-09-19T09:46:33+00:00","publisher":"WHO","contact":[{"name":"WHO","telecom":[{"system":"url","value":"http://who.int"}]}],"description":"preQualVaccines value set","compose":{"include":[{"system":"http://smart.who.int/icvp/CodeSystem/preQualVaccines"}]}}