{"resourceType":"ValueSet","id":"DVCVaccines","text":{"status":"extensions","div":"<div xmlns=\"http://www.w3.org/1999/xhtml\"><p class=\"res-header-id\"><b>Generated Narrative: ValueSet DVCVaccines</b></p><a name=\"DVCVaccines\"> </a><a name=\"hcDVCVaccines\"> </a><a name=\"DVCVaccines-en-US\"> </a><ul><li>Include these codes as defined in <a href=\"http://smart.who.int/ts/0.1.0/CodeSystem-ICD11.html\"><code>http://id.who.int/icd/release/11/mms</code></a><table class=\"none\"><tr><td style=\"white-space:nowrap\"><b>Code</b></td><td><b>Display</b></td><td><b>Definition</b></td></tr><tr><td><a href=\"http://smart.who.int/ts/0.1.0/CodeSystem-ICD11.html#ICD11-XM4639\">XM4639</a></td><td>Tuberculosis vaccines</td><td>Tuberculosis vaccines</td></tr><tr><td><a href=\"http://smart.who.int/ts/0.1.0/CodeSystem-ICD11.html#ICD11-XM8142\">XM8142</a></td><td>Tuberculosis, live attenuated vaccines</td><td>Tuberculosis, live attenuated vaccines</td></tr><tr><td><a href=\"http://smart.who.int/ts/0.1.0/CodeSystem-ICD11.html#ICD11-XM29K4\">XM29K4</a></td><td>Cholera vaccines</td><td>Cholera vaccines</td></tr><tr><td><a href=\"http://smart.who.int/ts/0.1.0/CodeSystem-ICD11.html#ICD11-XM3Z26\">XM3Z26</a></td><td>Cholera, inactivated, whole cell vaccines</td><td>Cholera, inactivated, whole cell vaccines</td></tr><tr><td><a href=\"http://smart.who.int/ts/0.1.0/CodeSystem-ICD11.html#ICD11-XM72A0\">XM72A0</a></td><td>Cholera, live attenuated vaccines</td><td>Cholera, live attenuated vaccines</td></tr><tr><td><a href=\"http://smart.who.int/ts/0.1.0/CodeSystem-ICD11.html#ICD11-XM1FT6\">XM1FT6</a></td><td>Cholera, combinations with typhoid vaccine, inactivated, whole cell vaccines</td><td>Cholera, combinations with typhoid vaccine, inactivated, whole cell vaccines</td></tr><tr><td><a href=\"http://smart.who.int/ts/0.1.0/CodeSystem-ICD11.html#ICD11-XM8AW3\">XM8AW3</a></td><td>Diphtheria vaccines</td><td>Diphtheria vaccines</td></tr><tr><td><a href=\"http://smart.who.int/ts/0.1.0/CodeSystem-ICD11.html#ICD11-XM9744\">XM9744</a></td><td>Diphtheria, rubella, tetanus vaccines</td><td>Diphtheria, rubella, tetanus vaccines</td></tr><tr><td><a href=\"http://smart.who.int/ts/0.1.0/CodeSystem-ICD11.html#ICD11-XM31Q8\">XM31Q8</a></td><td>Tetanus, diphtheria, acellular pertussis</td><td>Tetanus, diphtheria, acellular pertussis</td></tr><tr><td><a href=\"http://smart.who.int/ts/0.1.0/CodeSystem-ICD11.html#ICD11-XM8AW1\">XM8AW1</a></td><td>Diphtheria, poliomyelitis, tetanus vaccines</td><td>Diphtheria, poliomyelitis, tetanus vaccines</td></tr><tr><td><a href=\"http://smart.who.int/ts/0.1.0/CodeSystem-ICD11.html#ICD11-XM09Q7\">XM09Q7</a></td><td>Diphtheria, pertussis, poliomyelitis, tetanus vaccines</td><td>Diphtheria, pertussis, poliomyelitis, tetanus vaccines</td></tr><tr><td><a href=\"http://smart.who.int/ts/0.1.0/CodeSystem-ICD11.html#ICD11-XM41N3\">XM41N3</a></td><td>Diphtheria, hepatitis B, pertussis, tetanus vaccines</td><td>Diphtheria, hepatitis B, pertussis, tetanus vaccines</td></tr><tr><td><a href=\"http://smart.who.int/ts/0.1.0/CodeSystem-ICD11.html#ICD11-XM1LX9\">XM1LX9</a></td><td>Diphtheria, hemophilus influenzae B, pertussis, poliomyelitis, tetanus vaccines</td><td>Diphtheria, hemophilus influenzae B, pertussis, poliomyelitis, tetanus vaccines</td></tr><tr><td><a href=\"http://smart.who.int/ts/0.1.0/CodeSystem-ICD11.html#ICD11-XM3G68\">XM3G68</a></td><td>Diphtheria, hepatitis B, tetanus vaccines</td><td>Diphtheria, hepatitis B, tetanus vaccines</td></tr><tr><td><a href=\"http://smart.who.int/ts/0.1.0/CodeSystem-ICD11.html#ICD11-XM0LT9\">XM0LT9</a></td><td>Diphtheria, pertussis, poliomyelitis, tetanus, hepatitis B vaccines</td><td>Diphtheria, pertussis, poliomyelitis, tetanus, hepatitis B vaccines</td></tr><tr><td><a href=\"http://smart.who.int/ts/0.1.0/CodeSystem-ICD11.html#ICD11-XM7JP3\">XM7JP3</a></td><td>Diphtheria, hemophilus influenzae B, pertussis, tetanus, hepatitis B vaccines</td><td>Diphtheria, hemophilus influenzae B, pertussis, tetanus, hepatitis B vaccines</td></tr><tr><td><a href=\"http://smart.who.int/ts/0.1.0/CodeSystem-ICD11.html#ICD11-XM5XP9\">XM5XP9</a></td><td>Diphtheria, hemophilus influenzae B, pertussis, tetanus-hepatitis B, meningococcus A + C vaccines</td><td>Diphtheria, hemophilus influenzae B, pertussis, tetanus-hepatitis B, meningococcus A + C vaccines</td></tr><tr><td><a href=\"http://smart.who.int/ts/0.1.0/CodeSystem-ICD11.html#ICD11-XM1G86\">XM1G86</a></td><td>Tetanus toxoid, combinations with diphtheria toxoid vaccines</td><td>Tetanus toxoid, combinations with diphtheria toxoid vaccines</td></tr><tr><td><a href=\"http://smart.who.int/ts/0.1.0/CodeSystem-ICD11.html#ICD11-XM32Q5\">XM32Q5</a></td><td>Tetanus and diphtheria vaccines</td><td>Tetanus and diphtheria vaccines</td></tr><tr><td><a href=\"http://smart.who.int/ts/0.1.0/CodeSystem-ICD11.html#ICD11-XM2CV8\">XM2CV8</a></td><td>Vaccines pertussis with diphtheria</td><td>Vaccines pertussis with diphtheria</td></tr><tr><td><a href=\"http://smart.who.int/ts/0.1.0/CodeSystem-ICD11.html#ICD11-XM21E6\">XM21E6</a></td><td>Diphtheria tetanus, acellular pertussis, inactivated polio virus, haemophilus Influenzae type B vaccines</td><td>Diphtheria tetanus, acellular pertussis, inactivated polio virus, haemophilus Influenzae type B vaccines</td></tr><tr><td><a href=\"http://smart.who.int/ts/0.1.0/CodeSystem-ICD11.html#ICD11-XM84S1\">XM84S1</a></td><td>Diphtheria, hepatitis B, tetanus, acellular pertussis, inactivated polio virus, haemophilus Influenzae type B vaccines</td><td>Diphtheria, hepatitis B, tetanus, acellular pertussis, inactivated polio virus, haemophilus Influenzae type B vaccines</td></tr><tr><td><a href=\"http://smart.who.int/ts/0.1.0/CodeSystem-ICD11.html#ICD11-XM9JP8\">XM9JP8</a></td><td>Diphtheria, tetanus, acellular pertussis, inactivated polio virus vaccines</td><td>Diphtheria, tetanus, acellular pertussis, inactivated polio virus vaccines</td></tr><tr><td><a href=\"http://smart.who.int/ts/0.1.0/CodeSystem-ICD11.html#ICD11-XM46V1\">XM46V1</a></td><td>Diphtheria vaccines combination including pertussis</td><td>Diphtheria vaccines combination including pertussis</td></tr><tr><td><a href=\"http://smart.who.int/ts/0.1.0/CodeSystem-ICD11.html#ICD11-XM4039\">XM4039</a></td><td>Vaccines diphtheria with tetanus</td><td>Vaccines diphtheria with tetanus</td></tr><tr><td><a href=\"http://smart.who.int/ts/0.1.0/CodeSystem-ICD11.html#ICD11-XM11V3\">XM11V3</a></td><td>Haemophilus influenzae B vaccines</td><td>Haemophilus influenzae B vaccines</td></tr><tr><td><a href=\"http://smart.who.int/ts/0.1.0/CodeSystem-ICD11.html#ICD11-XM01H1\">XM01H1</a></td><td>Hemophilus influenzae B and poliomyelitis vaccines</td><td>Hemophilus influenzae B and poliomyelitis vaccines</td></tr><tr><td><a href=\"http://smart.who.int/ts/0.1.0/CodeSystem-ICD11.html#ICD11-XM32L7\">XM32L7</a></td><td>Hemophilus influenzae B and hepatitis B vaccines</td><td>Hemophilus influenzae B and hepatitis B vaccines</td></tr><tr><td><a href=\"http://smart.who.int/ts/0.1.0/CodeSystem-ICD11.html#ICD11-XM6LL6\">XM6LL6</a></td><td>Hepatitis vaccines</td><td>Hepatitis vaccines</td></tr><tr><td><a href=\"http://smart.who.int/ts/0.1.0/CodeSystem-ICD11.html#ICD11-XM2A12\">XM2A12</a></td><td>Hepatitis A, inactivated, whole virus</td><td>Hepatitis A, inactivated, whole virus</td></tr><tr><td><a href=\"http://smart.who.int/ts/0.1.0/CodeSystem-ICD11.html#ICD11-XM3JA6\">XM3JA6</a></td><td>Typhoid, hepatitis A vaccines</td><td>Typhoid, hepatitis A vaccines</td></tr><tr><td><a href=\"http://smart.who.int/ts/0.1.0/CodeSystem-ICD11.html#ICD11-XM03Y7\">XM03Y7</a></td><td>Combinations hepatitis vaccines</td><td>Combinations hepatitis vaccines</td></tr><tr><td><a href=\"http://smart.who.int/ts/0.1.0/CodeSystem-ICD11.html#ICD11-XM9V38\">XM9V38</a></td><td>Hepatitis B, purified antigen</td><td>Hepatitis B, purified antigen</td></tr><tr><td><a href=\"http://smart.who.int/ts/0.1.0/CodeSystem-ICD11.html#ICD11-XM9QP0\">XM9QP0</a></td><td>Papillomavirus vaccine</td><td>Papillomavirus vaccine</td></tr><tr><td><a href=\"http://smart.who.int/ts/0.1.0/CodeSystem-ICD11.html#ICD11-XM1821\">XM1821</a></td><td>Papillomavirus (human types 6,11,16,18)</td><td>Papillomavirus (human types 6,11,16,18)</td></tr><tr><td><a href=\"http://smart.who.int/ts/0.1.0/CodeSystem-ICD11.html#ICD11-XM9BT4\">XM9BT4</a></td><td>Papillomavirus (human types 16,18)</td><td>Papillomavirus (human types 16,18)</td></tr><tr><td><a href=\"http://smart.who.int/ts/0.1.0/CodeSystem-ICD11.html#ICD11-XM5CE9\">XM5CE9</a></td><td>Papillomavirus (human types 6,11,16,18,31,33,45,52,58)</td><td>Papillomavirus (human types 6,11,16,18,31,33,45,52,58)</td></tr><tr><td><a href=\"http://smart.who.int/ts/0.1.0/CodeSystem-ICD11.html#ICD11-XM0LB5\">XM0LB5</a></td><td>Encephalitis, Japanese, inactivated, whole virus</td><td>Encephalitis, Japanese, inactivated, whole virus</td></tr><tr><td><a href=\"http://smart.who.int/ts/0.1.0/CodeSystem-ICD11.html#ICD11-XM47S0\">XM47S0</a></td><td>Encephalitis, Japanese, live attenuated</td><td>Encephalitis, Japanese, live attenuated</td></tr><tr><td><a href=\"http://smart.who.int/ts/0.1.0/CodeSystem-ICD11.html#ICD11-XM28X5\">XM28X5</a></td><td>Measles vaccines</td><td>Measles vaccines</td></tr><tr><td><a href=\"http://smart.who.int/ts/0.1.0/CodeSystem-ICD11.html#ICD11-XM8L15\">XM8L15</a></td><td>Measles, live attenuated</td><td>Measles, live attenuated</td></tr><tr><td><a href=\"http://smart.who.int/ts/0.1.0/CodeSystem-ICD11.html#ICD11-XM8TF3\">XM8TF3</a></td><td>Measles, combinations with mumps and rubella, live attenuated</td><td>Measles, combinations with mumps and rubella, live attenuated</td></tr><tr><td><a href=\"http://smart.who.int/ts/0.1.0/CodeSystem-ICD11.html#ICD11-XM21H2\">XM21H2</a></td><td>Measles, combinations with rubella, live attenuated</td><td>Measles, combinations with rubella, live attenuated</td></tr><tr><td><a href=\"http://smart.who.int/ts/0.1.0/CodeSystem-ICD11.html#ICD11-XM4AJ8\">XM4AJ8</a></td><td>Measles, combinations with mumps, rubella and varicella, live attenuated</td><td>Measles, combinations with mumps, rubella and varicella, live attenuated</td></tr><tr><td><a href=\"http://smart.who.int/ts/0.1.0/CodeSystem-ICD11.html#ICD11-XM9439\">XM9439</a></td><td>Measles, combinations with mumps, live attenuated</td><td>Measles, combinations with mumps, live attenuated</td></tr><tr><td><a href=\"http://smart.who.int/ts/0.1.0/CodeSystem-ICD11.html#ICD11-XM2WV4\">XM2WV4</a></td><td>Meningococcal vaccines</td><td>Meningococcal vaccines</td></tr><tr><td><a href=\"http://smart.who.int/ts/0.1.0/CodeSystem-ICD11.html#ICD11-XM92B2\">XM92B2</a></td><td>Meningococcal monovalent purified polysaccharides antigen vaccines</td><td>Meningococcal monovalent purified polysaccharides antigen vaccines</td></tr><tr><td><a href=\"http://smart.who.int/ts/0.1.0/CodeSystem-ICD11.html#ICD11-XM5LC2\">XM5LC2</a></td><td>Meningococcal polyvalent purified polysaccharides antigen vaccines</td><td>Meningococcal polyvalent purified polysaccharides antigen vaccines</td></tr><tr><td><a href=\"http://smart.who.int/ts/0.1.0/CodeSystem-ICD11.html#ICD11-XM18Y8\">XM18Y8</a></td><td>Meningococcus C, purified polysaccharides antigen conjugated vaccines</td><td>Meningococcus C, purified polysaccharides antigen conjugated vaccines</td></tr><tr><td><a href=\"http://smart.who.int/ts/0.1.0/CodeSystem-ICD11.html#ICD11-XM2280\">XM2280</a></td><td>Meningococcus A, purified polysaccharides antigen conjugated vaccines</td><td>Meningococcus A, purified polysaccharides antigen conjugated vaccines</td></tr><tr><td><a href=\"http://smart.who.int/ts/0.1.0/CodeSystem-ICD11.html#ICD11-XM9GJ1\">XM9GJ1</a></td><td>Meningococcus B, outer membrane vesicle vaccines</td><td>Meningococcus B, outer membrane vesicle vaccines</td></tr><tr><td><a href=\"http://smart.who.int/ts/0.1.0/CodeSystem-ICD11.html#ICD11-XM1X81\">XM1X81</a></td><td>Meningococcus B, multicomponent vaccines</td><td>Meningococcus B, multicomponent vaccines</td></tr><tr><td><a href=\"http://smart.who.int/ts/0.1.0/CodeSystem-ICD11.html#ICD11-XM37L5\">XM37L5</a></td><td>Meningococcus A, purified polysaccharides antigen vaccines</td><td>Meningococcus A, purified polysaccharides antigen vaccines</td></tr><tr><td><a href=\"http://smart.who.int/ts/0.1.0/CodeSystem-ICD11.html#ICD11-XM1131\">XM1131</a></td><td>Mumps vaccine</td><td>Mumps vaccine</td></tr><tr><td><a href=\"http://smart.who.int/ts/0.1.0/CodeSystem-ICD11.html#ICD11-XM2340\">XM2340</a></td><td>Mumps, live attenuated</td><td>Mumps, live attenuated</td></tr><tr><td><a href=\"http://smart.who.int/ts/0.1.0/CodeSystem-ICD11.html#ICD11-XM3B09\">XM3B09</a></td><td>Rubella, combinations with mumps, live attenuated</td><td>Rubella, combinations with mumps, live attenuated</td></tr><tr><td><a href=\"http://smart.who.int/ts/0.1.0/CodeSystem-ICD11.html#ICD11-XM43M9\">XM43M9</a></td><td>Pertussis vaccines</td><td> Pertussis vaccines</td></tr><tr><td><a href=\"http://smart.who.int/ts/0.1.0/CodeSystem-ICD11.html#ICD11-XM45L8\">XM45L8</a></td><td>Pertussis, inactivated, whole cell vaccines</td><td>Pertussis, inactivated, whole cell vaccines</td></tr><tr><td><a href=\"http://smart.who.int/ts/0.1.0/CodeSystem-ICD11.html#ICD11-XM62J1\">XM62J1</a></td><td>Pertussis, purified antigen vaccines</td><td>Pertussis, purified antigen vaccines</td></tr><tr><td><a href=\"http://smart.who.int/ts/0.1.0/CodeSystem-ICD11.html#ICD11-XM2TK2\">XM2TK2</a></td><td>Pertussis, inactivated, whole cell, combinations with toxoids vaccines</td><td>Pertussis, inactivated, whole cell, combinations with toxoids vaccines</td></tr><tr><td><a href=\"http://smart.who.int/ts/0.1.0/CodeSystem-ICD11.html#ICD11-XM4082\">XM4082</a></td><td>Pertussis, purified antigen, combinations with toxoids vaccines</td><td>Pertussis, purified antigen, combinations with toxoids vaccines</td></tr><tr><td><a href=\"http://smart.who.int/ts/0.1.0/CodeSystem-ICD11.html#ICD11-XM9EM7\">XM9EM7</a></td><td>Pneumococcal vaccines</td><td>Pneumococcal vaccines</td></tr><tr><td><a href=\"http://smart.who.int/ts/0.1.0/CodeSystem-ICD11.html#ICD11-XM9G97\">XM9G97</a></td><td>Pneumococcal conjugate (13-valent) vaccines</td><td>Pneumococcal conjugate (13-valent) vaccines</td></tr><tr><td><a href=\"http://smart.who.int/ts/0.1.0/CodeSystem-ICD11.html#ICD11-XM2249\">XM2249</a></td><td>Pneumococcal polysaccharide 23-valent vaccines</td><td>Pneumococcal polysaccharide 23-valent vaccines</td></tr><tr><td><a href=\"http://smart.who.int/ts/0.1.0/CodeSystem-ICD11.html#ICD11-XM91D7\">XM91D7</a></td><td>Pneumococcus, purified polysaccharides antigen vaccines</td><td>Pneumococcus, purified polysaccharides antigen vaccines</td></tr><tr><td><a href=\"http://smart.who.int/ts/0.1.0/CodeSystem-ICD11.html#ICD11-XM96S7\">XM96S7</a></td><td>Pneumococcus, purified polysaccharides antigen conjugated vaccines</td><td>Pneumococcus, purified polysaccharides antigen conjugated vaccines</td></tr><tr><td><a href=\"http://smart.who.int/ts/0.1.0/CodeSystem-ICD11.html#ICD11-XM4R39\">XM4R39</a></td><td>Pneumococcus purified polysaccharides antigen and Haemophilus influenzae, conjugated vaccines</td><td>Pneumococcus purified polysaccharides antigen and Haemophilus influenzae, conjugated vaccines</td></tr><tr><td><a href=\"http://smart.who.int/ts/0.1.0/CodeSystem-ICD11.html#ICD11-XM0N50\">XM0N50</a></td><td>Poliomyelitis vaccines</td><td>Poliomyelitis vaccines</td></tr><tr><td><a href=\"http://smart.who.int/ts/0.1.0/CodeSystem-ICD11.html#ICD11-XM5V19\">XM5V19</a></td><td>Poliomyelitis, trivalent, inactivated, whole virus</td><td>Poliomyelitis, trivalent, inactivated, whole virus</td></tr><tr><td><a href=\"http://smart.who.int/ts/0.1.0/CodeSystem-ICD11.html#ICD11-XM79H3\">XM79H3</a></td><td>Poliomyelitis oral, bivalent, live attenuated</td><td>Poliomyelitis oral, bivalent, live attenuated</td></tr><tr><td><a href=\"http://smart.who.int/ts/0.1.0/CodeSystem-ICD11.html#ICD11-XM0VX8\">XM0VX8</a></td><td>Poliomyelitis oral, monovalent live attenuated</td><td>Poliomyelitis oral, monovalent live attenuated</td></tr><tr><td><a href=\"http://smart.who.int/ts/0.1.0/CodeSystem-ICD11.html#ICD11-XM0KZ1\">XM0KZ1</a></td><td>Poliomyelitis oral, trivalent, live attenuated</td><td>Poliomyelitis oral, trivalent, live attenuated</td></tr><tr><td><a href=\"http://smart.who.int/ts/0.1.0/CodeSystem-ICD11.html#ICD11-XM6T09\">XM6T09</a></td><td>Rabies vaccine</td><td>Rabies vaccine</td></tr><tr><td><a href=\"http://smart.who.int/ts/0.1.0/CodeSystem-ICD11.html#ICD11-XM7BE8\">XM7BE8</a></td><td>Rabies, inactivated, whole virus</td><td>Rabies, inactivated, whole virus</td></tr><tr><td><a href=\"http://smart.who.int/ts/0.1.0/CodeSystem-ICD11.html#ICD11-XM1CE0\">XM1CE0</a></td><td>Rotavirus diarrhoea vaccines</td><td>Rotavirus diarrhoea vaccines</td></tr><tr><td><a href=\"http://smart.who.int/ts/0.1.0/CodeSystem-ICD11.html#ICD11-XM4GV0\">XM4GV0</a></td><td>Rota virus, live attenuated</td><td>Rota virus, live attenuated</td></tr><tr><td><a href=\"http://smart.who.int/ts/0.1.0/CodeSystem-ICD11.html#ICD11-XM4VG1\">XM4VG1</a></td><td>Rota virus, pentavalent, live, reassorted</td><td>Rota virus, pentavalent, live, reassorted</td></tr><tr><td><a href=\"http://smart.who.int/ts/0.1.0/CodeSystem-ICD11.html#ICD11-XM7PP1\">XM7PP1</a></td><td>Rubella vaccine</td><td>Rubella vaccine</td></tr><tr><td><a href=\"http://smart.who.int/ts/0.1.0/CodeSystem-ICD11.html#ICD11-XM9PS9\">XM9PS9</a></td><td>Rubella, live attenuated</td><td>Rubella, live attenuated</td></tr><tr><td><a href=\"http://smart.who.int/ts/0.1.0/CodeSystem-ICD11.html#ICD11-XM1LR5\">XM1LR5</a></td><td>Influenza vaccines</td><td>Influenza vaccines</td></tr><tr><td><a href=\"http://smart.who.int/ts/0.1.0/CodeSystem-ICD11.html#ICD11-XM8857\">XM8857</a></td><td>Influenza vaccine, inactivated, whole virus</td><td>Influenza vaccine, inactivated, whole virus</td></tr><tr><td><a href=\"http://smart.who.int/ts/0.1.0/CodeSystem-ICD11.html#ICD11-XM5V64\">XM5V64</a></td><td>Influenza vaccines, live attenuated</td><td>Influenza vaccines, live attenuated</td></tr><tr><td><a href=\"http://smart.who.int/ts/0.1.0/CodeSystem-ICD11.html#ICD11-XM8MP2\">XM8MP2</a></td><td>Influenza vaccines, inactivated, split virus or surface antigen</td><td>Influenza vaccines, inactivated, split virus or surface antigen</td></tr><tr><td><a href=\"http://smart.who.int/ts/0.1.0/CodeSystem-ICD11.html#ICD11-XM9E16\">XM9E16</a></td><td>Influenza vaccines, virus like particle</td><td>Influenza vaccines, virus like particle</td></tr><tr><td><a href=\"http://smart.who.int/ts/0.1.0/CodeSystem-ICD11.html#ICD11-XM33X8\">XM33X8</a></td><td>Influenza, purified antigen</td><td>Influenza, purified antigen</td></tr><tr><td><a href=\"http://smart.who.int/ts/0.1.0/CodeSystem-ICD11.html#ICD11-XM5L44\">XM5L44</a></td><td>Tetanus vaccines</td><td>Tetanus vaccines</td></tr><tr><td><a href=\"http://smart.who.int/ts/0.1.0/CodeSystem-ICD11.html#ICD11-XM29H5\">XM29H5</a></td><td>Tetanus toxoid vaccines</td><td>Tetanus toxoid vaccines</td></tr><tr><td><a href=\"http://smart.who.int/ts/0.1.0/CodeSystem-ICD11.html#ICD11-XM9AK2\">XM9AK2</a></td><td>Tetanus toxoid, combinations with tetanus immunoglobulin vaccines</td><td>Tetanus toxoid, combinations with tetanus immunoglobulin vaccines</td></tr><tr><td><a href=\"http://smart.who.int/ts/0.1.0/CodeSystem-ICD11.html#ICD11-XM0RC1\">XM0RC1</a></td><td>Encephalitis vaccines</td><td>Encephalitis vaccines</td></tr><tr><td><a href=\"http://smart.who.int/ts/0.1.0/CodeSystem-ICD11.html#ICD11-XM8MP6\">XM8MP6</a></td><td>Encephalitis, tick borne, inactivated, whole virus</td><td>Encephalitis, tick borne, inactivated, whole virus</td></tr><tr><td><a href=\"http://smart.who.int/ts/0.1.0/CodeSystem-ICD11.html#ICD11-XM8BU8\">XM8BU8</a></td><td>Typhoid vaccines</td><td>Typhoid vaccines</td></tr><tr><td><a href=\"http://smart.who.int/ts/0.1.0/CodeSystem-ICD11.html#ICD11-XM33K4\">XM33K4</a></td><td>Typhoid, oral, live attenuated vaccines</td><td>Typhoid, oral, live attenuated vaccines</td></tr><tr><td><a href=\"http://smart.who.int/ts/0.1.0/CodeSystem-ICD11.html#ICD11-XM89G3\">XM89G3</a></td><td>Typhoid, inactivated, whole cell vaccines</td><td>Typhoid, inactivated, whole cell vaccines</td></tr><tr><td><a href=\"http://smart.who.int/ts/0.1.0/CodeSystem-ICD11.html#ICD11-XM3SF6\">XM3SF6</a></td><td>Typhoid, purified polysaccharide antigen vaccines</td><td>Typhoid, purified polysaccharide antigen vaccines</td></tr><tr><td><a href=\"http://smart.who.int/ts/0.1.0/CodeSystem-ICD11.html#ICD11-XM9UB1\">XM9UB1</a></td><td>Typhoid-paratyphoid vaccines</td><td>Typhoid-paratyphoid vaccines \u00a0 </td></tr><tr><td><a href=\"http://smart.who.int/ts/0.1.0/CodeSystem-ICD11.html#ICD11-XM8DG3\">XM8DG3</a></td><td>Varicella zoster vaccines</td><td>Varicella zoster vaccines</td></tr><tr><td><a href=\"http://smart.who.int/ts/0.1.0/CodeSystem-ICD11.html#ICD11-XM0NS8\">XM0NS8</a></td><td>Varicella, live attenuated</td><td>Varicella, live attenuated \u00a0 </td></tr><tr><td><a href=\"http://smart.who.int/ts/0.1.0/CodeSystem-ICD11.html#ICD11-XM0N24\">XM0N24</a></td><td>Yellow fever vaccine</td><td>Yellow fever vaccine</td></tr><tr><td><a href=\"http://smart.who.int/ts/0.1.0/CodeSystem-ICD11.html#ICD11-XM3418\">XM3418</a></td><td>Yellow fever, live attenuated</td><td>Yellow fever, live attenuated</td></tr><tr><td><a href=\"http://smart.who.int/ts/0.1.0/CodeSystem-ICD11.html#ICD11-XM38G7\">XM38G7</a></td><td>Dengue vaccine</td><td>Dengue vaccine</td></tr><tr><td><a href=\"http://smart.who.int/ts/0.1.0/CodeSystem-ICD11.html#ICD11-XM68M6\">XM68M6</a></td><td>COVID-19 vaccines</td><td>COVID-19 vaccines</td></tr><tr><td><a href=\"http://smart.who.int/ts/0.1.0/CodeSystem-ICD11.html#ICD11-XM0GQ8\">XM0GQ8</a></td><td>COVID-19 vaccine, RNA based</td><td>COVID-19 vaccine, RNA based</td></tr><tr><td><a href=\"http://smart.who.int/ts/0.1.0/CodeSystem-ICD11.html#ICD11-XM1NL1\">XM1NL1</a></td><td>COVID-19 vaccine, inactivated virus</td><td>COVID-19 vaccine, inactivated virus</td></tr><tr><td><a href=\"http://smart.who.int/ts/0.1.0/CodeSystem-ICD11.html#ICD11-XM1J92\">XM1J92</a></td><td>COVID-19 vaccine, virus like particle</td><td>COVID-19 vaccine, virus like particle</td></tr><tr><td><a href=\"http://smart.who.int/ts/0.1.0/CodeSystem-ICD11.html#ICD11-XM9QW8\">XM9QW8</a></td><td>COVID-19 vaccine, non-replicating viral vector</td><td>COVID-19 vaccine, non-replicating viral vector</td></tr><tr><td><a href=\"http://smart.who.int/ts/0.1.0/CodeSystem-ICD11.html#ICD11-XM6AT1\">XM6AT1</a></td><td>COVID-19 vaccine, DNA based</td><td>COVID-19 vaccine, DNA based</td></tr><tr><td><a href=\"http://smart.who.int/ts/0.1.0/CodeSystem-ICD11.html#ICD11-XM5JC5\">XM5JC5</a></td><td>COVID-19 vaccine, virus protein subunit</td><td>COVID-19 vaccine, virus protein subunit</td></tr><tr><td><a href=\"http://smart.who.int/ts/0.1.0/CodeSystem-ICD11.html#ICD11-XM3CT4\">XM3CT4</a></td><td>Recombinant SARS-CoV-2 vaccine</td><td>Recombinant SARS-CoV-2 vaccine</td></tr><tr><td><a href=\"http://smart.who.int/ts/0.1.0/CodeSystem-ICD11.html#ICD11-XM0CX4\">XM0CX4</a></td><td>COVID-19 vaccine, replicating viral vector</td><td>COVID-19 vaccine, replicating viral vector</td></tr><tr><td><a href=\"http://smart.who.int/ts/0.1.0/CodeSystem-ICD11.html#ICD11-XM5DF6\">XM5DF6</a></td><td>COVID-19 vaccine, live attenuated virus</td><td>COVID-19 vaccine, live attenuated virus </td></tr></table></li></ul></div>"},"url":"http://smart.who.int/icvp/ValueSet/DVCVaccines","version":"0.1.0","name":"DVCVaccines","title":"DVC - Vaccines","status":"draft","date":"2025-02-09T08:25:02+00:00","publisher":"WHO","contact":[{"name":"WHO","telecom":[{"system":"url","value":"http://who.int"}]}],"description":"This value set includes codes from ICD","compose":{"include":[{"system":"http://id.who.int/icd/release/11/mms","concept":[{"code":"XM4639","display":"Tuberculosis vaccines"},{"code":"XM8142","display":"Tuberculosis, live attenuated vaccines"},{"code":"XM29K4","display":"Cholera vaccines"},{"code":"XM3Z26","display":"Cholera, inactivated, whole cell vaccines"},{"code":"XM72A0","display":"Cholera, live attenuated vaccines"},{"code":"XM1FT6","display":"Cholera, combinations with typhoid vaccine, inactivated, whole cell vaccines"},{"code":"XM8AW3","display":"Diphtheria vaccines"},{"code":"XM9744","display":"Diphtheria, rubella, tetanus vaccines"},{"code":"XM31Q8","display":"Tetanus, diphtheria, acellular pertussis"},{"code":"XM8AW1","display":"Diphtheria, poliomyelitis, tetanus vaccines"},{"code":"XM09Q7","display":"Diphtheria, pertussis, poliomyelitis, tetanus vaccines"},{"code":"XM41N3","display":"Diphtheria, hepatitis B, pertussis, tetanus vaccines"},{"code":"XM1LX9","display":"Diphtheria, hemophilus influenzae B, pertussis, poliomyelitis, tetanus vaccines"},{"code":"XM3G68","display":"Diphtheria, hepatitis B, tetanus vaccines"},{"code":"XM0LT9","display":"Diphtheria, pertussis, poliomyelitis, tetanus, hepatitis B vaccines"},{"code":"XM7JP3","display":"Diphtheria, hemophilus influenzae B, pertussis, tetanus, hepatitis B vaccines"},{"code":"XM5XP9","display":"Diphtheria, hemophilus influenzae B, pertussis, tetanus-hepatitis B, meningococcus A + C vaccines"},{"code":"XM1G86","display":"Tetanus toxoid, combinations with diphtheria toxoid vaccines"},{"code":"XM32Q5","display":"Tetanus and diphtheria vaccines"},{"code":"XM2CV8","display":"Vaccines pertussis with diphtheria"},{"code":"XM21E6","display":"Diphtheria tetanus, acellular pertussis, inactivated polio virus, haemophilus Influenzae type B vaccines"},{"code":"XM84S1","display":"Diphtheria, hepatitis B, tetanus, acellular pertussis, inactivated polio virus, haemophilus Influenzae type B vaccines"},{"code":"XM9JP8","display":"Diphtheria, tetanus, acellular pertussis, inactivated polio virus vaccines"},{"code":"XM46V1","display":"Diphtheria vaccines combination including pertussis"},{"code":"XM4039","display":"Vaccines diphtheria with tetanus"},{"code":"XM11V3","display":"Haemophilus influenzae B vaccines"},{"code":"XM01H1","display":"Hemophilus influenzae B and poliomyelitis vaccines"},{"code":"XM32L7","display":"Hemophilus influenzae B and hepatitis B vaccines"},{"code":"XM6LL6","display":"Hepatitis vaccines"},{"code":"XM2A12","display":"Hepatitis A, inactivated, whole virus"},{"code":"XM3JA6","display":"Typhoid, hepatitis A vaccines"},{"code":"XM03Y7","display":"Combinations hepatitis vaccines"},{"code":"XM9V38","display":"Hepatitis B, purified antigen"},{"code":"XM9QP0","display":"Papillomavirus vaccine"},{"code":"XM1821","display":"Papillomavirus (human types 6,11,16,18)"},{"code":"XM9BT4","display":"Papillomavirus (human types 16,18)"},{"code":"XM5CE9","display":"Papillomavirus (human types 6,11,16,18,31,33,45,52,58)"},{"code":"XM0LB5","display":"Encephalitis, Japanese, inactivated, whole virus"},{"code":"XM47S0","display":"Encephalitis, Japanese, live attenuated"},{"code":"XM28X5","display":"Measles vaccines"},{"code":"XM8L15","display":"Measles, live attenuated"},{"code":"XM8TF3","display":"Measles, combinations with mumps and rubella, live attenuated"},{"code":"XM21H2","display":"Measles, combinations with rubella, live attenuated"},{"code":"XM4AJ8","display":"Measles, combinations with mumps, rubella and varicella, live attenuated"},{"code":"XM9439","display":"Measles, combinations with mumps, live attenuated"},{"code":"XM2WV4","display":"Meningococcal vaccines"},{"code":"XM92B2","display":"Meningococcal monovalent purified polysaccharides antigen vaccines"},{"code":"XM5LC2","display":"Meningococcal polyvalent purified polysaccharides antigen vaccines"},{"code":"XM18Y8","display":"Meningococcus C, purified polysaccharides antigen conjugated vaccines"},{"code":"XM2280","display":"Meningococcus A, purified polysaccharides antigen conjugated vaccines"},{"code":"XM9GJ1","display":"Meningococcus B, outer membrane vesicle vaccines"},{"code":"XM1X81","display":"Meningococcus B, multicomponent vaccines"},{"code":"XM37L5","display":"Meningococcus A, purified polysaccharides antigen vaccines"},{"code":"XM1131","display":"Mumps vaccine"},{"code":"XM2340","display":"Mumps, live attenuated"},{"code":"XM3B09","display":"Rubella, combinations with mumps, live attenuated"},{"code":"XM43M9","display":"Pertussis vaccines"},{"code":"XM45L8","display":"Pertussis, inactivated, whole cell vaccines"},{"code":"XM62J1","display":"Pertussis, purified antigen vaccines"},{"code":"XM2TK2","display":"Pertussis, inactivated, whole cell, combinations with toxoids vaccines"},{"code":"XM4082","display":"Pertussis, purified antigen, combinations with toxoids vaccines"},{"code":"XM9EM7","display":"Pneumococcal vaccines"},{"code":"XM9G97","display":"Pneumococcal conjugate (13-valent) vaccines"},{"code":"XM2249","display":"Pneumococcal polysaccharide 23-valent vaccines"},{"code":"XM91D7","display":"Pneumococcus, purified polysaccharides antigen vaccines"},{"code":"XM96S7","display":"Pneumococcus, purified polysaccharides antigen conjugated vaccines"},{"code":"XM4R39","display":"Pneumococcus purified polysaccharides antigen and Haemophilus influenzae, conjugated vaccines"},{"code":"XM0N50","display":"Poliomyelitis vaccines"},{"code":"XM5V19","display":"Poliomyelitis, trivalent, inactivated, whole virus"},{"code":"XM79H3","display":"Poliomyelitis oral, bivalent, live attenuated"},{"code":"XM0VX8","display":"Poliomyelitis oral, monovalent live attenuated"},{"code":"XM0KZ1","display":"Poliomyelitis oral, trivalent, live attenuated"},{"code":"XM6T09","display":"Rabies vaccine"},{"code":"XM7BE8","display":"Rabies, inactivated, whole virus"},{"code":"XM1CE0","display":"Rotavirus diarrhoea vaccines"},{"code":"XM4GV0","display":"Rota virus, live attenuated"},{"code":"XM4VG1","display":"Rota virus, pentavalent, live, reassorted"},{"code":"XM7PP1","display":"Rubella vaccine"},{"code":"XM9PS9","display":"Rubella, live attenuated"},{"code":"XM1LR5","display":"Influenza vaccines"},{"code":"XM8857","display":"Influenza vaccine, inactivated, whole virus"},{"code":"XM5V64","display":"Influenza vaccines, live attenuated"},{"code":"XM8MP2","display":"Influenza vaccines, inactivated, split virus or surface antigen"},{"code":"XM9E16","display":"Influenza vaccines, virus like particle"},{"code":"XM33X8","display":"Influenza, purified antigen"},{"code":"XM5L44","display":"Tetanus vaccines"},{"code":"XM29H5","display":"Tetanus toxoid vaccines"},{"code":"XM9AK2","display":"Tetanus toxoid, combinations with tetanus immunoglobulin vaccines"},{"code":"XM0RC1","display":"Encephalitis vaccines"},{"code":"XM8MP6","display":"Encephalitis, tick borne, inactivated, whole virus"},{"code":"XM8BU8","display":"Typhoid vaccines"},{"code":"XM33K4","display":"Typhoid, oral, live attenuated vaccines"},{"code":"XM89G3","display":"Typhoid, inactivated, whole cell vaccines"},{"code":"XM3SF6","display":"Typhoid, purified polysaccharide antigen vaccines"},{"code":"XM9UB1","display":"Typhoid-paratyphoid vaccines"},{"code":"XM8DG3","display":"Varicella zoster vaccines"},{"code":"XM0NS8","display":"Varicella, live attenuated"},{"code":"XM0N24","display":"Yellow fever vaccine"},{"code":"XM3418","display":"Yellow fever, live attenuated"},{"code":"XM38G7","display":"Dengue vaccine"},{"code":"XM68M6","display":"COVID-19 vaccines"},{"code":"XM0GQ8","display":"COVID-19 vaccine, RNA based"},{"code":"XM1NL1","display":"COVID-19 vaccine, inactivated virus"},{"code":"XM1J92","display":"COVID-19 vaccine, virus like particle"},{"code":"XM9QW8","display":"COVID-19 vaccine, non-replicating viral vector"},{"code":"XM6AT1","display":"COVID-19 vaccine, DNA based"},{"code":"XM5JC5","display":"COVID-19 vaccine, virus protein subunit"},{"code":"XM3CT4","display":"Recombinant SARS-CoV-2 vaccine"},{"code":"XM0CX4","display":"COVID-19 vaccine, replicating viral vector"},{"code":"XM5DF6","display":"COVID-19 vaccine, live attenuated virus"}]}]}}