<?xml version="1.0" encoding="UTF-8"?>

<ValueSet xmlns="http://hl7.org/fhir">
  <id value="DoseNumber"/>
  <text>
    <status value="generated"/><div xmlns="http://www.w3.org/1999/xhtml"><p class="res-header-id"><b>Generated Narrative: ValueSet DoseNumber</b></p><a name="DoseNumber"> </a><a name="hcDoseNumber"> </a><a name="DoseNumber-en-US"> </a><ul><li>Include all codes defined in <a href="CodeSystem-DoseNumber.html"><code>http://smart.who.int/icvp/CodeSystem/DoseNumber</code></a></li></ul></div>
  </text>
  <url value="http://smart.who.int/icvp/ValueSet/DoseNumber"/>
  <version value="0.1.0"/>
  <name value="DoseNumber"/>
  <title value="Dose Number"/>
  <status value="draft"/>
  <date value="2025-02-09T08:25:02+00:00"/>
  <publisher value="WHO"/>
  <contact>
    <name value="WHO"/>
    <telecom>
      <system value="url"/>
      <value value="http://who.int"/>
    </telecom>
  </contact>
  <description value="Dose Number value set"/>
  <compose>
    <include>
      <system value="http://smart.who.int/icvp/CodeSystem/DoseNumber"/>
    </include>
  </compose>
</ValueSet>