URL,Version,Status,OIDs,Name,Title,Description,Used
http://id.who.int/icd/release/11/mms,0.1.0,draft,,ICD11,ICD-11,"ICD-11.","ValueSet/ICVPVaccineCodes,ValueSet/DVCVaccines,ValueSet/ICVPDiseaseTargeted,ValueSet/DiseaseTargeted"
http://smart.who.int/icvp/CodeSystem/DVCRelationshipStatus,0.1.0,draft,,DVCRelationshipStatus,Relationship Status for Contact in Patient,"Relationship Status for Contact in Patient","ValueSet/DVCRelationshipStatus"
http://smart.who.int/icvp/CodeSystem/DoseNumber,0.1.0,draft,,DoseNumber,Dose Number,"Dose Number Code System","ValueSet/DoseNumber"
http://terminology.hl7.org/CodeSystem/v2-0001,2.1.0,active,"2.16.840.1.113883.18.2",AdministrativeSex,administrativeSex,"Code system of concepts specifying a patient's sex for administrative purposes.  Used in HL7 Version 2.x messages in the PID segment.","ValueSet/v2-0001"
urn:iso:std:iso:3166,1.0.1,active,"1.0.3166.1",ISO3166Part1,ISO 3166-1 Codes for the representation of names of countries and their subdivisions — Part 1: Country code,"ISO 3166-1 establishes codes that represent the current names of countries, dependencies, and other areas of particular geopolitical interest, on the basis of country names obtained from the United Nations.","ValueSet/v3-Country"
