{
  "package": "smart.who.int.icvp",
  "version": "0.1.0",
  "fhirVersion": "4.0.1",
  "extensions": [
    {
      "url": "http://smart.who.int/icvp/StructureDefinition/DoseNumberCodeableConcept",
      "title": "DoseNumberCodeableConcept",
      "types": [
        "CodeableConcept"
      ]
    },
    {
      "url": "http://smart.who.int/icvp/StructureDefinition/SelectiveDisclosureJWT",
      "title": "SelectiveDisclosureJWT",
      "types": [
        "boolean"
      ]
    },
    {
      "url": "http://smart.who.int/icvp/StructureDefinition/VaccineProduct",
      "title": "VaccineProduct",
      "types": [
        "Identifier"
      ]
    }
  ],
  "profiles": {
    "Bundle": [
      {
        "url": "http://smart.who.int/icvp/StructureDefinition/DVCSDBundle",
        "title": "DVC document Bundle with Selective Disclosure"
      }
    ],
    "Composition": [
      {
        "url": "http://smart.who.int/icvp/StructureDefinition/DVCSDComposition",
        "title": "Digital Vaccination Certificate - Composition"
      }
    ],
    "Immunization": [
      {
        "url": "http://smart.who.int/icvp/StructureDefinition/ICVPImmunization",
        "title": "ICVP Immunization"
      },
      {
        "url": "http://smart.who.int/icvp/StructureDefinition/Immunization-uv-ips-DVC",
        "title": "DVC - Profile for Digitial Vaccination Cards for Immunization for IPS.  Note that no Product Catalog has been set"
      },
      {
        "url": "http://smart.who.int/icvp/StructureDefinition/Immunization-uv-ips-ICVP",
        "title": "DVC - WHO ICVP Immunization for IPS"
      },
      {
        "url": "http://smart.who.int/icvp/StructureDefinition/Immunization-uv-ips-PreQual",
        "title": "DVC - WHO PreQual Immunization for IPS"
      }
    ],
    "Patient": [
      {
        "url": "http://smart.who.int/icvp/StructureDefinition/DVCSDPatient",
        "title": "DVC Patient with Selective Disclosure"
      }
    ]
  },
  "usage": {
    "http://hl7.org/fhir/StructureDefinition/data-absent-reason": [
      "Immunization.occurrence[x]"
    ],
    "http://hl7.org/fhir/StructureDefinition/elementdefinition-bestpractice": [
      "StructureDefinition.snapshot.element.constraint"
    ],
    "http://hl7.org/fhir/StructureDefinition/elementdefinition-bestpractice-explanation": [
      "StructureDefinition.snapshot.element.constraint"
    ],
    "http://hl7.org/fhir/StructureDefinition/elementdefinition-bindingName": [
      "StructureDefinition.snapshot.element.binding"
    ],
    "http://hl7.org/fhir/StructureDefinition/elementdefinition-maxValueSet": [
      "StructureDefinition.snapshot.element.binding"
    ],
    "http://hl7.org/fhir/StructureDefinition/elementdefinition-translatable": [
      "StructureDefinition.snapshot.element"
    ],
    "http://hl7.org/fhir/StructureDefinition/note": [
      "Composition.section"
    ],
    "http://hl7.org/fhir/StructureDefinition/patient-nationality": [
      "Bundle.entry.resource",
      "Patient"
    ],
    "http://hl7.org/fhir/StructureDefinition/regex": [
      "StructureDefinition.snapshot.element.type"
    ],
    "http://hl7.org/fhir/StructureDefinition/structuredefinition-explicit-type-name": [
      "StructureDefinition.snapshot.element"
    ],
    "http://hl7.org/fhir/StructureDefinition/structuredefinition-fhir-type": [
      "StructureDefinition.snapshot.element.type"
    ],
    "http://hl7.org/fhir/StructureDefinition/structuredefinition-fmm": [
      "Questionnaire.contained"
    ],
    "http://hl7.org/fhir/StructureDefinition/structuredefinition-hierarchy": [
      "StructureDefinition.snapshot.element.type"
    ],
    "http://hl7.org/fhir/StructureDefinition/structuredefinition-standards-status": [
      "Questionnaire.contained"
    ],
    "http://hl7.org/fhir/tools/StructureDefinition/additional-binding": [
      "StructureDefinition.snapshot.element.binding"
    ],
    "http://hl7.org/fhir/tools/StructureDefinition/ig-internal-dependency": [
      "ImplementationGuide.definition"
    ],
    "http://hl7.org/fhir/tools/StructureDefinition/ig-page-name": [
      "ImplementationGuide.definition.page",
      "ImplementationGuide.definition.page.page",
      "ImplementationGuide.definition.page.page.page"
    ],
    "http://hl7.org/fhir/tools/StructureDefinition/ig-parameter": [
      "ImplementationGuide.definition"
    ],
    "http://hl7.org/fhir/tools/StructureDefinition/implementationguide-dependency-comment": [
      "ImplementationGuide.dependsOn"
    ],
    "http://hl7.org/fhir/tools/StructureDefinition/implementationguide-resource-format": [
      "ImplementationGuide.definition.resource"
    ],
    "http://hl7.org/fhir/tools/StructureDefinition/logical-target": [
      "StructureDefinition"
    ],
    "http://hl7.org/fhir/tools/StructureDefinition/resource-information": [
      "ImplementationGuide.definition.resource"
    ],
    "http://hl7.org/fhir/tools/StructureDefinition/snapshot-base-version": [
      "StructureDefinition.snapshot"
    ],
    "http://smart.who.int/icvp/StructureDefinition/SelectiveDisclosureJWT": [
      "Bundle.entry.resource",
      "Bundle.entry.resource.birthDate",
      "Bundle.entry.resource.gender",
      "Bundle.entry.resource.identifier",
      "Bundle.entry.resource.name",
      "Bundle.entry.resource.section.text",
      "Bundle.entry.resource.text",
      "Composition",
      "Composition.text",
      "ICVP.dob",
      "ICVP.guardian",
      "ICVP.issuer",
      "ICVP.name",
      "ICVP.nationality",
      "ICVP.nid",
      "ICVP.sex",
      "ICVPVaccineDetails.clinicianName",
      "ICVPVaccineDetails.issuer",
      "Immunization",
      "Immunization.text",
      "Patient",
      "Patient.text",
      "VaccineDetails.clinicianName",
      "VaccineDetails.issuer"
    ],
    "http://smart.who.int/icvp/StructureDefinition/VaccineProduct": [
      "Bundle.entry.resource",
      "Immunization"
    ]
  }
}