<?xml version="1.0" encoding="UTF-8"?><StructureMap xmlns="http://hl7.org/fhir"><id value="ICVPQRtoICVPLM"/><text><status value="generated"/><div xmlns="http://www.w3.org/1999/xhtml"><p class="res-header-id"><b>Generated Narrative: StructureMap ICVPQRtoICVPLM</b></p><a name="ICVPQRtoICVPLM"> </a><a name="hcICVPQRtoICVPLM"> </a><pre class="fml">
<b>map</b><span style="color: navy"> &quot;</span>http://smart.who.int/icvp/StructureMap/ICVPQRtoICVPLM<span style="color: navy">&quot; = &quot;</span>ICVPQRtoICVPLM<span style="color: navy">&quot;

</span><b>uses</b><span style="color: navy"> &quot;</span><a href="http://hl7.org/fhir/R4/questionnaireresponse.html" title="QuestionnaireResponse">http://hl7.org/fhir/StructureDefinition/QuestionnaireResponse</a><span style="color: navy">&quot; </span><b>alias </b>QuestionnaireResponse <b>as </b><b>source</b>
<b>uses</b><span style="color: navy"> &quot;</span><a href="StructureDefinition-ICVP.html" title="ICVP">http://smart.who.int/icvp/StructureDefinition/ICVP</a><span style="color: navy">&quot; </span><b>alias </b>ICVPLogicalModel <b>as </b><b>target</b>
<b>uses</b><span style="color: navy"> &quot;</span><a href="StructureDefinition-ICVPVaccineDetails.html" title="ICVP - Vaccine Details">http://smart.who.int/icvp/StructureDefinition/ICVPVaccineDetails</a><span style="color: navy">&quot; </span><b>alias </b>ICVPVaccineDetails <b>as </b><b>target</b>
<b>uses</b><span style="color: navy"> &quot;</span><a href="StructureDefinition-ICVPMin.html" title="ICVP HCERT Payload">http://smart.who.int/icvp/StructureDefinition/ICVPMin</a><span style="color: navy">&quot; </span><b>alias </b>ICVPClaim <b>as </b><b>target</b>

<b>group </b>ICVPQRtoICVPLM<span style="color: navy">(</span><b>source</b> <span style="color: maroon">qr</span><span style="color: navy"> : </span>QuestionnaireResponse, <b>target</b> <span style="color: maroon">lm</span><span style="color: navy"> : </span>ICVPLogicalModel<span style="color: navy">)</span><span style="color: navy"> {
</span>  qr.item<b> as </b><span style="color: maroon">item</span><b> where </b>linkId.value in ('name')<b> then</b><span style="color: navy"> {
</span>    item.answer<b> as </b><span style="color: maroon">answer</span><b> then</b><span style="color: navy"> {
</span>      answer.value<b> as </b><span style="color: maroon">name</span><span style="color: navy"><b> -&gt; </b></span>lm.name = <span style="color: maroon">name</span> <i>&quot;rule1&quot;</i><span style="color: navy">;</span>
    <span style="color: navy">}</span> <i>&quot;rule1a&quot;</i><span style="color: navy">;</span>
  <span style="color: navy">}</span> <i>&quot;rule1b&quot;</i><span style="color: navy">;</span>
  qr.item<b> as </b><span style="color: maroon">item</span><b> where </b>linkId.value in ('dob')<b> then</b><span style="color: navy"> {
</span>    item.answer<b> as </b><span style="color: maroon">answer</span><b> then</b><span style="color: navy"> {
</span>      answer.value<b> as </b><span style="color: maroon">dob</span><span style="color: navy"><b> -&gt; </b></span>lm.dob = <span style="color: maroon">dob</span> <i>&quot;rule2&quot;</i><span style="color: navy">;</span>
    <span style="color: navy">}</span> <i>&quot;rule2a&quot;</i><span style="color: navy">;</span>
  <span style="color: navy">}</span> <i>&quot;rule2b&quot;</i><span style="color: navy">;</span>
  qr.item<b> as </b><span style="color: maroon">item</span><b> where </b>linkId.value in ('sex')<b> then</b><span style="color: navy"> {
</span>    item.answer<b> as </b><span style="color: maroon">answer</span><b> then</b><span style="color: navy"> {
</span>      answer.value<b> as </b><span style="color: maroon">sex</span><span style="color: navy"><b> -&gt; </b></span>lm.sex = <span style="color: maroon">sex</span> <i>&quot;rule3&quot;</i><span style="color: navy">;</span>
    <span style="color: navy">}</span> <i>&quot;rule3a&quot;</i><span style="color: navy">;</span>
  <span style="color: navy">}</span> <i>&quot;rule3b&quot;</i><span style="color: navy">;</span>
  qr.item<b> as </b><span style="color: maroon">item</span><b> where </b>linkId.value in ('nationality')<b> then</b><span style="color: navy"> {
</span>    item.answer<b> as </b><span style="color: maroon">answer</span><b> then</b><span style="color: navy"> {
</span>      answer.value<b> as </b><span style="color: maroon">nationality</span><span style="color: navy"><b> -&gt; </b></span>lm.nationality = <span style="color: maroon">nationality</span> <i>&quot;rule4&quot;</i><span style="color: navy">;</span>
    <span style="color: navy">}</span> <i>&quot;rule4a&quot;</i><span style="color: navy">;</span>
  <span style="color: navy">}</span> <i>&quot;rule4b&quot;</i><span style="color: navy">;</span>
  qr.item<b> as </b><span style="color: maroon">item</span><b> where </b>linkId.value in ('nid')<b> then</b><span style="color: navy"> {
</span>    item.answer<b> as </b><span style="color: maroon">answer</span><b> then</b><span style="color: navy"> {
</span>      answer.value<b> as </b><span style="color: maroon">nid</span><span style="color: navy"><b> -&gt; </b></span>lm.nid = <span style="color: maroon">nid</span> <i>&quot;rule5&quot;</i><span style="color: navy">;</span>
    <span style="color: navy">}</span> <i>&quot;rule5a&quot;</i><span style="color: navy">;</span>
  <span style="color: navy">}</span> <i>&quot;rule5b&quot;</i><span style="color: navy">;</span>
  qr.item<b> as </b><span style="color: maroon">item</span><b> where </b>linkId.value in ('guardian')<b> then</b><span style="color: navy"> {
</span>    item.answer<b> as </b><span style="color: maroon">answer</span><b> then</b><span style="color: navy"> {
</span>      answer.value<b> as </b><span style="color: maroon">guardian</span><span style="color: navy"><b> -&gt; </b></span>lm.guardian = <span style="color: maroon">guardian</span> <i>&quot;rule6&quot;</i><span style="color: navy">;</span>
    <span style="color: navy">}</span> <i>&quot;rule6a&quot;</i><span style="color: navy">;</span>
  <span style="color: navy">}</span> <i>&quot;rule6b&quot;</i><span style="color: navy">;</span>
  qr.item<b> as </b><span style="color: maroon">item</span><b> where </b>linkId.value in ('vaccineDetails')<span style="color: navy"><b> -&gt; </b></span>lm.vaccineDetails<b> as </b><span style="color: maroon">v</span><b> then </b>mapVaccineDetails<span style="color: navy">(</span><span style="color: maroon">item</span><span style="color: navy">, </span><span style="color: maroon">v</span><span style="color: navy">)</span> <i>&quot;rule7&quot;</i><span style="color: navy">;</span>
<span style="color: navy">}

</span><b>group </b>mapVaccineDetails<span style="color: navy">(</span><b>source</b> <span style="color: maroon">s</span><span style="color: navy"> : </span>BackboneElement, <b>target</b> <span style="color: maroon">v</span><span style="color: navy"> : </span>ICVPVaccineDetails<span style="color: navy">)</span><span style="color: navy"> {
</span>  s.item<b> as </b><span style="color: maroon">item</span><b> where </b>linkId.value in ('productID')<b> then</b><span style="color: navy"> {
</span>    item.answer<b> as </b><span style="color: maroon">answer</span><b> then</b><span style="color: navy"> {
</span>      answer.value<b> as </b><span style="color: maroon">productID</span><span style="color: navy"><b> -&gt; </b></span>v.productID = <span style="color: maroon">productID</span> <i>&quot;rule7&quot;</i><span style="color: navy">;</span>
    <span style="color: navy">}</span> <i>&quot;rule7a&quot;</i><span style="color: navy">;</span>
  <span style="color: navy">}</span> <i>&quot;rule7b&quot;</i><span style="color: navy">;</span>
  s.item<b> as </b><span style="color: maroon">item</span><b> where </b>linkId.value in ('date')<b> then</b><span style="color: navy"> {
</span>    item.answer<b> as </b><span style="color: maroon">answer</span><b> then</b><span style="color: navy"> {
</span>      answer.value<b> as </b><span style="color: maroon">date</span><span style="color: navy"><b> -&gt; </b></span>v.date = <span style="color: maroon">date</span> <i>&quot;rule8&quot;</i><span style="color: navy">;</span>
    <span style="color: navy">}</span> <i>&quot;rule8a&quot;</i><span style="color: navy">;</span>
  <span style="color: navy">}</span> <i>&quot;rule8b&quot;</i><span style="color: navy">;</span>
  s.item<b> as </b><span style="color: maroon">item</span><b> where </b>linkId.value in ('clinicianName')<b> then</b><span style="color: navy"> {
</span>    item.answer<b> as </b><span style="color: maroon">answer</span><b> then</b><span style="color: navy"> {
</span>      answer.value<b> as </b><span style="color: maroon">clinicianName</span><span style="color: navy"><b> -&gt; </b></span>v.clinicianName = <span style="color: maroon">clinicianName</span> <i>&quot;rule9&quot;</i><span style="color: navy">;</span>
    <span style="color: navy">}</span> <i>&quot;rule9a&quot;</i><span style="color: navy">;</span>
  <span style="color: navy">}</span> <i>&quot;rule9b&quot;</i><span style="color: navy">;</span>
  s.item<b> as </b><span style="color: maroon">item</span><b> where </b>linkId.value in ('issuer')<b> then</b><span style="color: navy"> {
</span>    item.answer<b> as </b><span style="color: maroon">answer</span><b> then</b><span style="color: navy"> {
</span>      answer.value<b> as </b><span style="color: maroon">issuer</span><span style="color: navy"><b> -&gt; </b></span>v.issuer = <span style="color: maroon">issuer</span> <i>&quot;rule10&quot;</i><span style="color: navy">;</span>
    <span style="color: navy">}</span> <i>&quot;rule10a&quot;</i><span style="color: navy">;</span>
  <span style="color: navy">}</span> <i>&quot;rule10b&quot;</i><span style="color: navy">;</span>
  s.item<b> as </b><span style="color: maroon">item</span><b> where </b>linkId.value in ('batchNo.text')<b> then</b><span style="color: navy"> {
</span>    item.answer<b> as </b><span style="color: maroon">answer</span><b> then</b><span style="color: navy"> {
</span>      answer.value<b> as </b><span style="color: maroon">batchNo</span><span style="color: navy"><b> -&gt; </b></span>v.batchNo = <span style="color: maroon">batchNo</span> <i>&quot;rule11&quot;</i><span style="color: navy">;</span>
    <span style="color: navy">}</span> <i>&quot;rule11a&quot;</i><span style="color: navy">;</span>
  <span style="color: navy">}</span> <i>&quot;rule11b&quot;</i><span style="color: navy">;</span>
  s.item<b> as </b><span style="color: maroon">item</span><b> where </b>linkId.value in ('validityPeriod')<b> then</b><span style="color: navy"> {
</span>    item<span style="color: navy"><b> -&gt; </b></span>v.validityPeriod<b> as </b><span style="color: maroon">period</span><b> then</b><span style="color: navy"> {
</span>      item.item<b> as </b><span style="color: maroon">item</span><b> where </b>linkId.value in ('startDate')<b> then</b><span style="color: navy"> {
</span>        item.answer<b> as </b><span style="color: maroon">answer</span><b> then</b><span style="color: navy"> {
</span>          answer.validityPeriod<b> as </b><span style="color: maroon">start</span><span style="color: navy"><b> -&gt; </b></span>period.start = <span style="color: maroon">start</span> <i>&quot;rule12&quot;</i><span style="color: navy">;</span>
        <span style="color: navy">}</span> <i>&quot;rule12a&quot;</i><span style="color: navy">;</span>
      <span style="color: navy">}</span> <i>&quot;rule12b&quot;</i><span style="color: navy">;</span>
      item.item<b> as </b><span style="color: maroon">item</span><b> where </b>linkId.value in ('endDate')<b> then</b><span style="color: navy"> {
</span>        item.answer<b> as </b><span style="color: maroon">answer</span><b> then</b><span style="color: navy"> {
</span>          answer.validityPeriod<b> as </b><span style="color: maroon">end</span><span style="color: navy"><b> -&gt; </b></span>period.end = <span style="color: maroon">end</span> <i>&quot;rule13&quot;</i><span style="color: navy">;</span>
        <span style="color: navy">}</span> <i>&quot;rule13a&quot;</i><span style="color: navy">;</span>
      <span style="color: navy">}</span> <i>&quot;rule13b&quot;</i><span style="color: navy">;</span>
    <span style="color: navy">}</span> <i>&quot;rule14&quot;</i><span style="color: navy">;</span>
  <span style="color: navy">}</span> <i>&quot;rule15&quot;</i><span style="color: navy">;</span>
<span style="color: navy">}

</span></pre></div></text><url value="http://smart.who.int/icvp/StructureMap/ICVPQRtoICVPLM"/><version value="0.3.0"/><name value="ICVPQRtoICVPLM"/><status value="draft"/><date value="2025-10-30T19:48:35+00:00"/><publisher value="WHO"/><contact><name value="WHO"/><telecom><system value="url"/><value value="http://who.int"/></telecom></contact><structure><url value="http://hl7.org/fhir/StructureDefinition/QuestionnaireResponse"/><mode value="source"/><alias value="QuestionnaireResponse"/></structure><structure><url value="http://smart.who.int/icvp/StructureDefinition/ICVP"/><mode value="target"/><alias value="ICVPLogicalModel"/></structure><structure><url value="http://smart.who.int/icvp/StructureDefinition/ICVPVaccineDetails"/><mode value="target"/><alias value="ICVPVaccineDetails"/></structure><structure><url value="http://smart.who.int/icvp/StructureDefinition/ICVPMin"/><mode value="target"/><alias value="ICVPClaim"/></structure><group><name value="ICVPQRtoICVPLM"/><typeMode value="none"/><input><name value="qr"/><type value="QuestionnaireResponse"/><mode value="source"/></input><input><name value="lm"/><type value="ICVPLogicalModel"/><mode value="target"/></input><rule><name value="rule1b"/><source><context value="qr"/><element value="item"/><variable value="item"/><condition value="linkId.value in ('name')"/></source><rule><name value="rule1a"/><source><context value="item"/><element value="answer"/><variable value="answer"/></source><rule><name value="rule1"/><source><context value="answer"/><element value="value"/><variable value="name"/></source><target><context value="lm"/><contextType value="variable"/><element value="name"/><transform value="copy"/><parameter><valueId value="name"/></parameter></target></rule></rule></rule><rule><name value="rule2b"/><source><context value="qr"/><element value="item"/><variable value="item"/><condition value="linkId.value in ('dob')"/></source><rule><name value="rule2a"/><source><context value="item"/><element value="answer"/><variable value="answer"/></source><rule><name value="rule2"/><source><context value="answer"/><element value="value"/><variable value="dob"/></source><target><context value="lm"/><contextType value="variable"/><element value="dob"/><transform value="copy"/><parameter><valueId value="dob"/></parameter></target></rule></rule></rule><rule><name value="rule3b"/><source><context value="qr"/><element value="item"/><variable value="item"/><condition value="linkId.value in ('sex')"/></source><rule><name value="rule3a"/><source><context value="item"/><element value="answer"/><variable value="answer"/></source><rule><name value="rule3"/><source><context value="answer"/><element value="value"/><variable value="sex"/></source><target><context value="lm"/><contextType value="variable"/><element value="sex"/><transform value="copy"/><parameter><valueId value="sex"/></parameter></target></rule></rule></rule><rule><name value="rule4b"/><source><context value="qr"/><element value="item"/><variable value="item"/><condition value="linkId.value in ('nationality')"/></source><rule><name value="rule4a"/><source><context value="item"/><element value="answer"/><variable value="answer"/></source><rule><name value="rule4"/><source><context value="answer"/><element value="value"/><variable value="nationality"/></source><target><context value="lm"/><contextType value="variable"/><element value="nationality"/><transform value="copy"/><parameter><valueId value="nationality"/></parameter></target></rule></rule></rule><rule><name value="rule5b"/><source><context value="qr"/><element value="item"/><variable value="item"/><condition value="linkId.value in ('nid')"/></source><rule><name value="rule5a"/><source><context value="item"/><element value="answer"/><variable value="answer"/></source><rule><name value="rule5"/><source><context value="answer"/><element value="value"/><variable value="nid"/></source><target><context value="lm"/><contextType value="variable"/><element value="nid"/><transform value="copy"/><parameter><valueId value="nid"/></parameter></target></rule></rule></rule><rule><name value="rule6b"/><source><context value="qr"/><element value="item"/><variable value="item"/><condition value="linkId.value in ('guardian')"/></source><rule><name value="rule6a"/><source><context value="item"/><element value="answer"/><variable value="answer"/></source><rule><name value="rule6"/><source><context value="answer"/><element value="value"/><variable value="guardian"/></source><target><context value="lm"/><contextType value="variable"/><element value="guardian"/><transform value="copy"/><parameter><valueId value="guardian"/></parameter></target></rule></rule></rule><rule><name value="rule7"/><source><context value="qr"/><element value="item"/><variable value="item"/><condition value="linkId.value in ('vaccineDetails')"/></source><target><context value="lm"/><contextType value="variable"/><element value="vaccineDetails"/><variable value="v"/></target><dependent><name value="mapVaccineDetails"/><variable value="item"/><variable value="v"/></dependent></rule></group><group><name value="mapVaccineDetails"/><typeMode value="none"/><input><name value="s"/><type value="BackboneElement"/><mode value="source"/></input><input><name value="v"/><type value="ICVPVaccineDetails"/><mode value="target"/></input><rule><name value="rule7b"/><source><context value="s"/><element value="item"/><variable value="item"/><condition value="linkId.value in ('productID')"/></source><rule><name value="rule7a"/><source><context value="item"/><element value="answer"/><variable value="answer"/></source><rule><name value="rule7"/><source><context value="answer"/><element value="value"/><variable value="productID"/></source><target><context value="v"/><contextType value="variable"/><element value="productID"/><transform value="copy"/><parameter><valueId value="productID"/></parameter></target></rule></rule></rule><rule><name value="rule8b"/><source><context value="s"/><element value="item"/><variable value="item"/><condition value="linkId.value in ('date')"/></source><rule><name value="rule8a"/><source><context value="item"/><element value="answer"/><variable value="answer"/></source><rule><name value="rule8"/><source><context value="answer"/><element value="value"/><variable value="date"/></source><target><context value="v"/><contextType value="variable"/><element value="date"/><transform value="copy"/><parameter><valueId value="date"/></parameter></target></rule></rule></rule><rule><name value="rule9b"/><source><context value="s"/><element value="item"/><variable value="item"/><condition value="linkId.value in ('clinicianName')"/></source><rule><name value="rule9a"/><source><context value="item"/><element value="answer"/><variable value="answer"/></source><rule><name value="rule9"/><source><context value="answer"/><element value="value"/><variable value="clinicianName"/></source><target><context value="v"/><contextType value="variable"/><element value="clinicianName"/><transform value="copy"/><parameter><valueId value="clinicianName"/></parameter></target></rule></rule></rule><rule><name value="rule10b"/><source><context value="s"/><element value="item"/><variable value="item"/><condition value="linkId.value in ('issuer')"/></source><rule><name value="rule10a"/><source><context value="item"/><element value="answer"/><variable value="answer"/></source><rule><name value="rule10"/><source><context value="answer"/><element value="value"/><variable value="issuer"/></source><target><context value="v"/><contextType value="variable"/><element value="issuer"/><transform value="copy"/><parameter><valueId value="issuer"/></parameter></target></rule></rule></rule><rule><name value="rule11b"/><source><context value="s"/><element value="item"/><variable value="item"/><condition value="linkId.value in ('batchNo.text')"/></source><rule><name value="rule11a"/><source><context value="item"/><element value="answer"/><variable value="answer"/></source><rule><name value="rule11"/><source><context value="answer"/><element value="value"/><variable value="batchNo"/></source><target><context value="v"/><contextType value="variable"/><element value="batchNo"/><transform value="copy"/><parameter><valueId value="batchNo"/></parameter></target></rule></rule></rule><rule><name value="rule15"/><source><context value="s"/><element value="item"/><variable value="item"/><condition value="linkId.value in ('validityPeriod')"/></source><rule><name value="rule14"/><source><context value="item"/></source><target><context value="v"/><contextType value="variable"/><element value="validityPeriod"/><variable value="period"/></target><rule><name value="rule12b"/><source><context value="item"/><element value="item"/><variable value="item"/><condition value="linkId.value in ('startDate')"/></source><rule><name value="rule12a"/><source><context value="item"/><element value="answer"/><variable value="answer"/></source><rule><name value="rule12"/><source><context value="answer"/><element value="validityPeriod"/><variable value="start"/></source><target><context value="period"/><contextType value="variable"/><element value="start"/><transform value="copy"/><parameter><valueId value="start"/></parameter></target></rule></rule></rule><rule><name value="rule13b"/><source><context value="item"/><element value="item"/><variable value="item"/><condition value="linkId.value in ('endDate')"/></source><rule><name value="rule13a"/><source><context value="item"/><element value="answer"/><variable value="answer"/></source><rule><name value="rule13"/><source><context value="answer"/><element value="validityPeriod"/><variable value="end"/></source><target><context value="period"/><contextType value="variable"/><element value="end"/><transform value="copy"/><parameter><valueId value="end"/></parameter></target></rule></rule></rule></rule></rule></group></StructureMap>