{
  "codeSystems" : [
    {
      "url" : "http://id.who.int/icd/release/11/mms",
      "version" : "0.1.0",
      "status" : "draft",
      "name" : "ICD11",
      "title" : "ICD-11",
      "description" : "ICD-11.",
      "uses" : {
      },
      "ValueSet-Questionnaire-DVCModel_DVCVaccines.html" : "DVC - Vaccines",
      "ValueSet-Questionnaire-ICVPModel_ICVPVaccineCodes.html" : "ICVP - Vaccine Codes",
      "ValueSet-Questionnaire-DVCModel_DiseaseTargeted.html" : "Disease Targeted",
      "ValueSet-ICVPVaccineCodes.html" : "ICVP - Vaccine Codes",
      "ValueSet-DiseaseTargeted.html" : "Disease Targeted",
      "ValueSet-ICVPDiseaseTargeted.html" : "ICVP Disease Targeted",
      "ValueSet-DVCVaccines.html" : "DVC - Vaccines",
      "ValueSet-Questionnaire-ICVPModel_ICVPDiseaseTargeted.html" : "ICVP Disease Targeted"
    },
    {
      "url" : "http://smart.who.int/icvp/CodeSystem/DVCRelationshipStatus",
      "version" : "0.1.0",
      "status" : "draft",
      "name" : "DVCRelationshipStatus",
      "title" : "Relationship Status for Contact in Patient",
      "description" : "Relationship Status for Contact in Patient",
      "uses" : {
      },
      "ValueSet-Questionnaire-DVCModel_DVCRelationshipStatus.html" : "Relationship Status for Contact in Patient",
      "ValueSet-Questionnaire-ICVPModel_DVCRelationshipStatus.html" : "Relationship Status for Contact in Patient",
      "ValueSet-DVCRelationshipStatus.html" : "Relationship Status for Contact in Patient"
    },
    {
      "url" : "http://smart.who.int/icvp/CodeSystem/DoseNumber",
      "version" : "0.1.0",
      "status" : "draft",
      "name" : "DoseNumber",
      "title" : "Dose Number",
      "description" : "Dose Number Code System",
      "uses" : {
      },
      "ValueSet-Questionnaire-ICVPModel_DoseNumber.html" : "Dose Number",
      "ValueSet-Questionnaire-DVCModel_DoseNumber.html" : "Dose Number",
      "ValueSet-DoseNumber.html" : "Dose Number"
    },
    {
      "url" : "http://terminology.hl7.org/CodeSystem/v2-0001",
      "version" : "2.1.0",
      "status" : "active",
      "name" : "AdministrativeSex",
      "title" : "administrativeSex",
      "description" : "Code system of concepts specifying a patient's sex for administrative purposes.  Used in HL7 Version 2.x messages in the PID segment.",
      "oids" : ["2.16.840.1.113883.18.2"],
      "uses" : {
      },
      "ValueSet-Questionnaire-ICVPModel_v2-0001.html" : "v2 SEX",
      "http://terminology.hl7.org/6.2.0/ValueSet-v2-0001.html" : "hl7VS-administrativeSex",
      "ValueSet-Questionnaire-DVCModel_v2-0001.html" : "v2 SEX"
    },
    {
      "url" : "urn:iso:std:iso:3166",
      "version" : "1.0.1",
      "status" : "active",
      "name" : "ISO3166Part1",
      "title" : "ISO 3166-1 Codes for the representation of names of countries and their subdivisions — Part 1: Country code",
      "description" : "ISO 3166-1 establishes codes that represent the current names of countries, dependencies, and other areas of particular geopolitical interest, on the basis of country names obtained from the United Nations.",
      "oids" : ["1.0.3166.1"],
      "uses" : {
      },
      "http://terminology.hl7.org/6.2.0/ValueSet-v3-Country.html" : "Country",
      "ValueSet-Questionnaire-DVCModel_v3-Country.html" : "Country",
      "ValueSet-Questionnaire-ICVPModel_v3-Country.html" : "Country"
    }
  ]
}
