"Id","Path","Slice Name","Alias(s)","Label","Min","Max","Must Support?","Is Modifier?","Is Summary?","Type(s)","Short","Definition","Comments","Requirements","Default Value","Meaning When Missing","Fixed Value","Pattern","Example","Minimum Value","Maximum Value","Maximum Length","Binding Strength","Binding Description","Binding Value Set","Code","Slicing Discriminator","Slicing Description","Slicing Ordered","Slicing Rules","Base Path","Base Min","Base Max","Condition(s)","Constraint(s)"
"PreQualDVC","PreQualDVC","","","",0,*,"","","","null {[]} {[]}
","PreQual","Data elements for the Digital Vaccine Certificate using WHO Vaccine PreQualification database","","","","","","","","","",,,,,"",,,,"Base",0,*,"",""
"PreQualDVC.name","PreQualDVC.name","","","",1,1,"","","","string {[]} {[]}
","Name","The full name of the client","","","","","","","","","",,,,,"",,,,"DVC.name",1,1,"",""
"PreQualDVC.dob","PreQualDVC.dob","","","",1,1,"","","","date {[]} {[]}
","Date of Birth","Date of Birth","","","","","","","","","",,,,,"",,,,"DVC.dob",1,1,"",""
"PreQualDVC.sex","PreQualDVC.sex","","","",0,1,"","","","code {[]} {[]}
","Sex","Sex","","","","","","","","","",,,,,"",,,,"DVC.sex",0,1,"",""
"PreQualDVC.nationality","PreQualDVC.nationality","","","",0,1,"","","","code {[]} {[]}
","Nationality","Nationality","","","","","","","","","",,,,,"",,,,"DVC.nationality",0,1,"",""
"PreQualDVC.nid","PreQualDVC.nid","","","",0,1,"","","","Identifier {[]} {[]}
","National Identification Document","National Identification Document","","","","","","","","","",,,,,"",,,,"DVC.nid",0,1,"",""
"PreQualDVC.guardian","PreQualDVC.guardian","","","",0,1,"","","","string {[]} {[]}
","Parent/Guardian","Name of Parent or Guardian","","","","","","","","","",,,,,"",,,,"DVC.guardian",0,1,"",""
"PreQualDVC.issuer","PreQualDVC.issuer","","","",0,1,"","","","Reference {[]} {[CanonicalType[http://hl7.org/fhir/StructureDefinition/Organization]]}
","Document issuer","Document issuer","","","","","","","","","",,,,,"",,,,"DVC.issuer",0,1,"",""
"PreQualDVC.vaccineDetails","PreQualDVC.vaccineDetails","","","",1,*,"","","","http://smart.who.int/icvp/StructureDefinition/PreQualVaccineDetails {[]} {[]}
","Vaccine Details","Vaccine Details","","","","","","","","","",,,,,"",,,,"DVC.vaccineDetails",1,*,"",""
