{
  "codeSystems" : [
    {
      "url" : "http://hl7.org/fhir/bundle-type",
      "version" : "4.0.1",
      "status" : "active",
      "name" : "BundleType",
      "title" : "BundleType",
      "description" : "Indicates the purpose of a bundle - how it is intended to be used.",
      "oids" : ["2.16.840.1.113883.4.642.4.621"],
      "uses" : {
      },
      "http://hl7.org/fhir/R4/valueset-bundle-type.html" : "BundleType"
    },
    {
      "url" : "http://hl7.org/fhir/composition-attestation-mode",
      "version" : "4.0.1",
      "status" : "draft",
      "name" : "CompositionAttestationMode",
      "title" : "CompositionAttestationMode",
      "description" : "The way in which a person authenticated a composition.",
      "oids" : ["2.16.840.1.113883.4.642.4.239"],
      "uses" : {
      },
      "http://hl7.org/fhir/R4/valueset-composition-attestation-mode.html" : "CompositionAttestationMode"
    },
    {
      "url" : "http://hl7.org/fhir/composition-status",
      "version" : "4.0.1",
      "status" : "draft",
      "name" : "CompositionStatus",
      "title" : "CompositionStatus",
      "description" : "The workflow/clinical status of the composition.",
      "oids" : ["2.16.840.1.113883.4.642.4.242"],
      "uses" : {
      },
      "http://hl7.org/fhir/R4/valueset-composition-status.html" : "CompositionStatus"
    },
    {
      "url" : "http://hl7.org/fhir/document-relationship-type",
      "version" : "4.0.1",
      "status" : "draft",
      "name" : "DocumentRelationshipType",
      "title" : "DocumentRelationshipType",
      "description" : "The type of relationship between documents.",
      "oids" : ["2.16.840.1.113883.4.642.4.245"],
      "uses" : {
      },
      "http://hl7.org/fhir/R4/valueset-document-relationship-type.html" : "DocumentRelationshipType"
    },
    {
      "url" : "http://hl7.org/fhir/event-status",
      "version" : "4.0.1",
      "status" : "draft",
      "name" : "EventStatus",
      "title" : "EventStatus",
      "description" : "Codes identifying the lifecycle stage of an event.",
      "oids" : ["2.16.840.1.113883.4.642.4.110"],
      "uses" : {
      },
      "http://hl7.org/fhir/R4/valueset-immunization-status.html" : "Immunization Status Codes"
    },
    {
      "url" : "http://hl7.org/fhir/http-verb",
      "version" : "4.0.1",
      "status" : "active",
      "name" : "HTTPVerb",
      "title" : "HTTPVerb",
      "description" : "HTTP verbs (in the HTTP command line). See [HTTP rfc](https://tools.ietf.org/html/rfc7231) for details.",
      "oids" : ["2.16.840.1.113883.4.642.4.625"],
      "uses" : {
      },
      "http://hl7.org/fhir/R4/valueset-http-verb.html" : "HTTPVerb"
    },
    {
      "url" : "http://hl7.org/fhir/identifier-use",
      "version" : "4.0.1",
      "status" : "active",
      "name" : "IdentifierUse",
      "title" : "IdentifierUse",
      "description" : "Identifies the purpose for this identifier, if known .",
      "oids" : ["2.16.840.1.113883.4.642.4.58"],
      "uses" : {
      },
      "http://hl7.org/fhir/R4/valueset-identifier-use.html" : "IdentifierUse"
    },
    {
      "url" : "http://hl7.org/fhir/list-mode",
      "version" : "4.0.1",
      "status" : "draft",
      "name" : "ListMode",
      "title" : "ListMode",
      "description" : "The processing mode that applies to this list.",
      "oids" : ["2.16.840.1.113883.4.642.4.319"],
      "uses" : {
      },
      "http://hl7.org/fhir/R4/valueset-list-mode.html" : "ListMode"
    },
    {
      "url" : "http://hl7.org/fhir/resource-types",
      "version" : "4.0.1",
      "status" : "active",
      "name" : "ResourceType",
      "title" : "ResourceType",
      "description" : "One of the resource types defined as part of this version of FHIR.",
      "uses" : {
      },
      "http://hl7.org/fhir/R4/valueset-resource-types.html" : "ResourceType"
    },
    {
      "url" : "http://hl7.org/fhir/search-entry-mode",
      "version" : "4.0.1",
      "status" : "active",
      "name" : "SearchEntryMode",
      "title" : "SearchEntryMode",
      "description" : "Why an entry is in the result set - whether it's included as a match or because of an _include requirement, or to convey information or warning information about the search process.",
      "oids" : ["2.16.840.1.113883.4.642.4.623"],
      "uses" : {
      },
      "http://hl7.org/fhir/R4/valueset-search-entry-mode.html" : "SearchEntryMode"
    },
    {
      "url" : "http://hl7.org/fhir/sid/cvx",
      "version" : "4.0.1",
      "status" : "active",
      "name" : "CVX",
      "title" : "Vaccine Administered Code Set (CVX)",
      "description" : "The CDC's National Center of Immunization and Respiratory Diseases (NCIRD - see [https://www.cdc.gov/ncird/](https://www.cdc.gov/ncird/)) developed and maintains the CVX (vaccine administered) code set. It includes both active and inactive vaccines available in the US. CVX codes for inactive vaccines allow transmission of historical immunization records. When a MVX (manufacturer) code is paired with a CVX (vaccine administered) code, the specific trade named vaccine may be indicated. These codes should be used for immunization messages using either HL7 Version 2.3.1 or HL7 Version 2.5.1. CVX is the underlying Master Code System for V2 table 0292 (Vaccines Administered). The machine readable name for CVX in PHIN VADS is PH_VaccinesAdministeredCVX_CDC_NIP. The version of the CVX code set for certification can be found on the archive page:[https://www2a.cdc.gov/vaccines/iis/iisstandards/mu3versioned_codes.asp](https://www2a.cdc.gov/vaccines/iis/iisstandards/mu3versioned_codes.asp) \r\n\r\nThe Status column indicates if the vaccine is currently available in the United States.\r\n\r\n*  Active: A currently available administrable vaccine \r\n\r\n*  Inactive: An administrable vaccine formulation that is no longer available for patient administration, but can be found in historical patient records OR A historical record of a vaccine administered where the exact formulation is unknown \r\n\r\n*  Pending: A vaccine that is expected to become active in the future \r\n\r\n*  Non-US: A vaccine that available outside the US only \r\n\r\n*  Never Active: A vaccine that was never available and is not in the pipeline of new vaccines \r\n\r\nThe Last Updated column indicates the last time this particular vaccine code was updated in this table.\r\n\r\nQuestions regarding this table should be directed to the IIS Technical Assistance Team via iisinfo@cdc.gov (or use mailing address via [https://www2a.cdc.gov/vaccines/iis/iisstandards/vaccines.asp?rpt=cvx#addr](https://www2a.cdc.gov/vaccines/iis/iisstandards/vaccines.asp?rpt=cvx#addr)) \r\n\r\nHL7 Implementers should note that 'Status' IS NOT CONCEPT STATUS as all codes are ACTIVE in this code system.\r\n\r\nThe current code system is available via [https://www2a.cdc.gov/vaccines/iis/iisstandards/vaccines.asp?rpt=cvx](https://www2a.cdc.gov/vaccines/iis/iisstandards/vaccines.asp?rpt=cvx)",
      "oids" : ["2.16.840.1.113883.12.292"],
      "uses" : {
      },
      "http://hl7.org/fhir/R4/valueset-vaccine-code.html" : "Vaccine Administered Value Set"
    },
    {
      "url" : "http://id.who.int/icd/release/11/mms",
      "version" : "1.0.0",
      "status" : "active",
      "name" : "ICD11MMS",
      "title" : "International Classification of Diseases, 11th Revision Mortality and Morbidity Statistics (MMS)",
      "description" : "The International Classification of Diseases, 11th Revision Mortality and Morbidity Statistics (MMS) is one of the ICD11 linearizations. Information about the ICD Foundation Component and the ICD11 Linearizations can be found in the complete reference guide here: [https://icd.who.int/icd11refguide/en/index.html](https://icd.who.int/icd11refguide/en/index.html)\r\n\r\n\"**The ICD11 Linearizations (Tabular lists)**\r\n\r\nA linearization is a subset of the foundation component, that is:\r\n\r\n1. fit for a particular purpose: reporting mortality, morbidity, primary care or other uses;\r\n\r\n 2. composed of entities that are Mutually Exclusive of each other; \r\n\r\n3. each entity is given a single parent.\r\n\r\nLinearization is similar to the classical print versions of ICD Tabular List (e.g. volume I of ICD-10 or other previous editions). The main linearization of ICD-11 is Mortality and Morbidity Statistics (MMS). Various linearizations could be built at different granularity, use case or other purposes such as for Primary Care, Clinical Care or Research. The linkage from the foundation component to a particular linearization will ensure consistent use of the ICD.\"\r\n\r\nICD-11 for Mortality and Morbidity (ICD-11 MMS) can be downloaded in either print or electronic (spreadsheet) format from the  browser in the Info tab located [here](https://icd.who.int/browse11/l-m/en)",
      "uses" : {
      },
      "ValueSet-DiseaseTargeted.html" : "Disease Targeted",
      "ValueSet-ICVPVaccineCodes.html" : "ICVP - Vaccine Codes",
      "ValueSet-ICVPDiseaseTargeted.html" : "ICVP Disease Targeted"
    },
    {
      "url" : "http://loinc.org",
      "version" : "3.1.0",
      "status" : "active",
      "name" : "LOINC",
      "title" : "Logical Observation Identifiers, Names and Codes (LOINC)",
      "description" : "LOINC provides a set of universal names and ID codes for identifying laboratory and clinical test results.1,2 LOINC facilitates the exchange and pooling of results, such as blood hemoglobin, serum potassium, or vital signs, for clinical care, outcomes management, and research. LOINC's universal identifiers (names and codes) can be used in the context of order and observation exchanges between information systems that use syntax standards such as HL73, CEN TC251, ISO TC215, ASTM4, and DICOM. Specifically, the identifier can be used as the coded value for an observation in any other standard that uses the observation/observation value paradigm, whether messages, documents, application programming interface (API), etc. For example, LOINC codes are used widely in the OBX segment Observation Identifier field (OBX-3) of an ORU HL7 (HL7 version 2.x or ASTM 1238-9410) message that may be sent between a Clinical Laboratory Information Management Systems (LIMS) and Electronic Health Record Systems (EHR).5, 6 In this way, LOINC codes provide universal identifiers that allow the exchange of clinical data between heterogeneous computing environments.",
      "oids" : ["2.16.840.1.113883.6.1"],
      "uses" : {
      },
      "http://hl7.org/fhir/R4/valueset-doc-section-codes.html" : "Document Section Codes",
      "http://hl7.org/fhir/R4/valueset-doc-typecodes.html" : "FHIR Document Type Codes",
      "http://hl7.org/fhir/R4/valueset-document-classcodes.html" : "Document Class Value Set"
    },
    {
      "url" : "http://smart.who.int/icvp/CodeSystem/VaccineManufacturer",
      "version" : "0.2.0",
      "status" : "active",
      "name" : "VaccineManufacturer",
      "title" : "Prequalified Vaccines - Manufacturer names",
      "description" : "List of WHO Prequalified Vaccines - Manufacturer names",
      "uses" : {
      },
      "ValueSet-VaccineManufacturer.html" : "VaccineManufacturer"
    },
    {
      "url" : "http://smart.who.int/pcmt-vaxprequal/CodeSystem/PreQualProductIds",
      "version" : "0.2.0",
      "status" : "active",
      "name" : "PreQualProductIds",
      "title" : "WHO PreQualificaiton Vaccine Product Ids",
      "description" : "WHO PreQualificaiton Vaccine Product Ids",
      "uses" : {
      },
      "ValueSet-ICVPProductIds.html" : "WHO ICVP Vaccine Product Ids",
      "http://smart.who.int/pcmt-vaxprequal/v0.2.0/ValueSet-PreQualProductIds.html" : "WHO PreQualificaiton Vaccine Product Ids",
      "ValueSet-ICVP_ICVPProductIds.html" : "WHO ICVP Vaccine Product Ids",
      "ConceptMap-ICVPProductIdToVaccineType.html" : "ConceptMap from ICVP Product IDs to Vaccine Types"
    },
    {
      "url" : "http://smart.who.int/pcmt-vaxprequal/CodeSystem/PreQualVaccineType",
      "version" : "0.2.0",
      "status" : "active",
      "name" : "PreQualVaccineType",
      "title" : "WHO PreQualificaiton Vaccine VaccineTypes",
      "description" : "WHO PreQualificaiton Vaccine VaccineTypes",
      "uses" : {
      },
      "ValueSet-ICVPVaccineType.html" : "Vaccine Types for use in the ICVP",
      "ConceptMap-ICVPProductIdToVaccineType.html" : "ConceptMap from ICVP Product IDs to Vaccine Types"
    },
    {
      "url" : "http://smart.who.int/trust-phw/CodeSystem/DVCRelationshipStatus",
      "version" : "0.1.0",
      "status" : "active",
      "name" : "DVCRelationshipStatus",
      "title" : "Relationship Status for Contact in Patient",
      "description" : "Relationship Status for Contact in Patient",
      "uses" : {
      },
      "ValueSet-ICVP_DVCRelationshipStatus.html" : "Relationship Status for Contact in Patient"
    },
    {
      "url" : "http://snomed.info/sct",
      "version" : null,
      "status" : "active",
      "name" : "SNOMED_CT",
      "title" : "SNOMED CT (all versions)",
      "description" : "SNOMED CT is the most comprehensive and precise clinical health terminology product in the world, owned and distributed around the world by The International Health Terminology Standards Development Organisation (IHTSDO).",
      "oids" : ["2.16.840.1.113883.6.96"],
      "uses" : {
      },
      "http://hl7.org/fhir/R4/valueset-immunization-target-disease.html" : "Immunization Target Disease Codes",
      "http://hl7.org/fhir/uv/ips/2024Sep/ValueSet-vaccines-uv-ips.html" : "Vaccines - IPS",
      "http://hl7.org/fhir/R4/valueset-body-site.html" : "SNOMED CT Body Structures",
      "http://hl7.org/fhir/uv/ips/2024Sep/ValueSet-target-diseases-uv-ips.html" : "Vaccine Target Diseases - IPS",
      "http://hl7.org/fhir/R4/valueset-immunization-status-reason.html" : "Immunization Status Reason Codes",
      "http://hl7.org/fhir/R4/valueset-immunization-reason.html" : "Immunization Reason Codes"
    },
    {
      "url" : "http://terminology.hl7.org/CodeSystem/immunization-funding-source",
      "version" : "1.0.1",
      "status" : "active",
      "name" : "ImmunizationFundingSource",
      "title" : "Immunization Funding Source",
      "description" : "The value set to instantiate this attribute should be drawn from a terminologically robust code system that consists of or contains concepts to support describing the source of the vaccine administered. This value set is provided as a suggestive example.",
      "oids" : ["2.16.840.1.113883.4.642.1.1100"],
      "uses" : {
      },
      "http://hl7.org/fhir/R4/valueset-immunization-funding-source.html" : "Immunization Funding Source"
    },
    {
      "url" : "http://terminology.hl7.org/CodeSystem/immunization-origin",
      "version" : "1.0.1",
      "status" : "active",
      "name" : "ImmunizationOriginCodes",
      "title" : "Immunization Origin Codes",
      "description" : "The value set to instantiate this attribute should be drawn from a terminologically robust code system that consists of or contains concepts to support describing the source of the data when the report of the immunization event is not based on information from the person, entity or organization who administered the vaccine. This value set is provided as a suggestive example.",
      "oids" : ["2.16.840.1.113883.4.642.1.1101"],
      "uses" : {
      },
      "http://hl7.org/fhir/R4/valueset-immunization-origin.html" : "Immunization Origin Codes"
    },
    {
      "url" : "http://terminology.hl7.org/CodeSystem/immunization-program-eligibility",
      "version" : "1.0.1",
      "status" : "active",
      "name" : "ImmunizationProgramEligibility",
      "title" : "Immunization Program Eligibility",
      "description" : "The value set to instantiate this attribute should be drawn from a terminologically robust code system that consists of or contains concepts to support describing the patient's eligibility for a vaccination program. This value set is provided as a suggestive example.",
      "oids" : ["2.16.840.1.113883.4.642.1.1099"],
      "uses" : {
      },
      "http://hl7.org/fhir/R4/valueset-immunization-program-eligibility.html" : "Immunization Program Eligibility"
    },
    {
      "url" : "http://terminology.hl7.org/CodeSystem/immunization-subpotent-reason",
      "version" : "1.0.1",
      "status" : "active",
      "name" : "ImmunizationSubpotentReason",
      "title" : "Immunization Subpotent Reason",
      "description" : "The value set to instantiate this attribute should be drawn from a terminologically robust code system that consists of or contains concepts to support describing the reason why a dose is considered to be subpotent. This value set is provided as a suggestive example.",
      "oids" : ["2.16.840.1.113883.4.642.1.1098"],
      "uses" : {
      },
      "http://hl7.org/fhir/R4/valueset-immunization-subpotent-reason.html" : "Immunization Subpotent Reason"
    },
    {
      "url" : "http://terminology.hl7.org/CodeSystem/list-empty-reason",
      "version" : "1.0.1",
      "status" : "active",
      "name" : "ListEmptyReasons",
      "title" : "List Empty Reasons",
      "description" : "General reasons for a list to be empty. Reasons are either related to a summary list (i.e. problem or medication list) or to a workflow related list (i.e. consultation list).",
      "oids" : ["2.16.840.1.113883.4.642.1.1106"],
      "uses" : {
      },
      "http://hl7.org/fhir/R4/valueset-list-empty-reason.html" : "List Empty Reasons"
    },
    {
      "url" : "http://terminology.hl7.org/CodeSystem/list-order",
      "version" : "1.0.1",
      "status" : "active",
      "name" : "ListOrderCodes",
      "title" : "List Order Codes",
      "description" : "Base values for the order of the items in a list resource.",
      "oids" : ["2.16.840.1.113883.4.642.1.1107"],
      "uses" : {
      },
      "http://hl7.org/fhir/R4/valueset-list-order.html" : "List Order Codes"
    },
    {
      "url" : "http://terminology.hl7.org/CodeSystem/v2-0001",
      "version" : "2.1.0",
      "status" : "active",
      "name" : "AdministrativeSex",
      "title" : "administrativeSex",
      "description" : "Code system of concepts specifying a patient's sex for administrative purposes.  Used in HL7 Version 2.x messages in the PID segment.",
      "oids" : ["2.16.840.1.113883.18.2"],
      "uses" : {
      },
      "http://terminology.hl7.org/6.5.0/ValueSet-v2-0001.html" : "hl7VS-administrativeSex",
      "ValueSet-ICVP_v2-0001.html" : "v2 SEX"
    },
    {
      "url" : "http://terminology.hl7.org/CodeSystem/v2-0203",
      "version" : "5.0.0",
      "status" : "active",
      "name" : "IdentifierType",
      "title" : "identifierType",
      "description" : "HL7-defined code system of concepts specifying type of identifier. Used in HL7 Version 2.x messaging data types CX, PLN, PPN, XCN and XON.",
      "oids" : ["2.16.840.1.113883.18.108"],
      "uses" : {
      },
      "http://hl7.org/fhir/R4/valueset-identifier-type.html" : "IdentifierType",
      "http://terminology.hl7.org/6.5.0/ValueSet-v2-0203.html" : "hl7VS-identifierType"
    },
    {
      "url" : "http://terminology.hl7.org/CodeSystem/v2-0443",
      "version" : "2.3.0",
      "status" : "active",
      "name" : "ProviderRole",
      "title" : "providerRole",
      "description" : "Code system of concepts specifying the functional involvement with the activity being transmitted (e.g., Case Manager, Evaluator, Transcriber, Nurse Care Practitioner, Midwife, Physician Assistant, etc.).  Used in HL7 Version 2.x messaging in the ROL segment.",
      "oids" : ["2.16.840.1.113883.18.283"],
      "uses" : {
      },
      "http://hl7.org/fhir/R4/valueset-immunization-function.html" : "Immunization Function Codes"
    },
    {
      "url" : "http://terminology.hl7.org/CodeSystem/v3-ActCode",
      "version" : "9.0.0",
      "status" : "active",
      "name" : "ActCode",
      "title" : "ActCode",
      "description" : "A code specifying the particular kind of Act that the Act-instance represents within its class.\r\n\r\n*Constraints:* The kind of Act (e.g. physical examination, serum potassium, inpatient encounter, charge financial transaction, etc.) is specified with a code from one of several, typically external, coding systems. The coding system will depend on the class of Act, such as LOINC for observations, etc.\r\n\r\nConceptually, the Act.code must be a specialization of the Act.classCode. This is why the structure of ActClass domain should be reflected in the superstructure of the ActCode domain and then individual codes or externally referenced vocabularies subordinated under these domains that reflect the ActClass structure.\r\n\r\nAct.classCode and Act.code are not modifiers of each other but the Act.code concept should really imply the Act.classCode concept. For a negative example, it is not appropriate to use an Act.code \"potassium\" together with and Act.classCode for \"laboratory observation\" to somehow mean \"potassium laboratory observation\" and then use the same Act.code for \"potassium\" together with Act.classCode for \"medication\" to mean \"substitution of potassium\". This mutually modifying use of Act.code and Act.classCode is not permitted.",
      "oids" : ["2.16.840.1.113883.5.4"],
      "uses" : {
      },
      "http://terminology.hl7.org/6.5.0/ValueSet-v3-ActCode.html" : "v3 Code System ActCode"
    },
    {
      "url" : "http://terminology.hl7.org/CodeSystem/v3-ActReason",
      "version" : "3.1.0",
      "status" : "active",
      "name" : "ActReason",
      "title" : "ActReason",
      "description" : "A set of codes specifying the motivation, cause, or rationale of an Act, when such rationale is not reasonably represented as an ActRelationship of type \"has reason\" linking to another Act.\r\n\r\n*Examples:* Example reasons that might qualify for being coded in this field might be: \"routine requirement\", \"infectious disease reporting requirement\", \"on patient request\", \"required by law\".",
      "oids" : ["2.16.840.1.113883.5.8"],
      "uses" : {
      },
      "http://hl7.org/fhir/R4/valueset-immunization-status-reason.html" : "Immunization Status Reason Codes"
    },
    {
      "url" : "http://terminology.hl7.org/CodeSystem/v3-ActSite",
      "version" : "3.0.0",
      "status" : "active",
      "name" : "ActSite",
      "title" : "ActSite",
      "description" : "An anatomical location on an organism which can be the focus of an act.",
      "oids" : ["2.16.840.1.113883.5.1052"],
      "uses" : {
      },
      "http://hl7.org/fhir/R4/valueset-immunization-site.html" : "Codes for Immunization Site of Administration"
    },
    {
      "url" : "http://terminology.hl7.org/CodeSystem/v3-Confidentiality",
      "version" : "3.0.0",
      "status" : "active",
      "name" : "Confidentiality",
      "title" : "Confidentiality",
      "description" : "A set of codes specifying the security classification of acts and roles in accordance with the definition for concept domain \"Confidentiality\".",
      "oids" : ["2.16.840.1.113883.5.25"],
      "uses" : {
      },
      "http://hl7.org/fhir/R4/v3/ConfidentialityClassification/vs.html" : "V3 Value SetConfidentialityClassification"
    },
    {
      "url" : "http://terminology.hl7.org/CodeSystem/v3-RouteOfAdministration",
      "version" : "3.0.0",
      "status" : "active",
      "name" : "RouteOfAdministration",
      "title" : "RouteOfAdministration",
      "description" : "The path the administered medication takes to get into the body or into contact with the body.",
      "oids" : ["2.16.840.1.113883.5.112"],
      "uses" : {
      },
      "http://hl7.org/fhir/R4/valueset-immunization-route.html" : "Immunization Route Codes"
    },
    {
      "url" : "http://www.whocc.no/atc",
      "version" : "2.0.1",
      "status" : "active",
      "name" : "WC",
      "title" : "WHO ATC",
      "description" : "WHO ATC",
      "oids" : ["2.16.840.1.113883.6.73"],
      "uses" : {
      },
      "http://hl7.org/fhir/uv/ips/2024Sep/ValueSet-vaccines-whoatc-uv-ips.html" : "Vaccines WHO ATC - IPS"
    },
    {
      "url" : "urn:ietf:bcp:47",
      "version" : "2.0.1",
      "status" : "active",
      "name" : "Ietf3066",
      "title" : "Tags for the Identification of Languages",
      "description" : "Older value from OID registry.  Superceded; see recommendations in BCP-47.",
      "oids" : ["2.16.840.1.113883.6.121"],
      "uses" : {
      },
      "http://hl7.org/fhir/R4/valueset-languages.html" : "Common Languages"
    },
    {
      "url" : "urn:iso:std:iso:3166",
      "version" : "1.0.1",
      "status" : "active",
      "name" : "ISO3166Part1",
      "title" : "ISO 3166-1 Codes for the representation of names of countries and their subdivisions — Part 1: Country code",
      "description" : "ISO 3166-1 establishes codes that represent the current names of countries, dependencies, and other areas of particular geopolitical interest, on the basis of country names obtained from the United Nations.",
      "oids" : ["1.0.3166.1"],
      "uses" : {
      },
      "http://terminology.hl7.org/6.5.0/ValueSet-v3-Country.html" : "Country",
      "ValueSet-ICVP_v3-Country.html" : "Country"
    }
  ]
}
