{
  "codeSystems" : [
    {
      "url" : "http://smart.who.int/icvp/ValueSet/DiseaseTargeted",
      "version" : "0.2.0",
      "status" : "active",
      "name" : "DiseaseTargeted",
      "title" : "Disease Targeted",
      "description" : "Value set for all diseases",
      "systems" : ["http://id.who.int/icd/release/11/mms"]
    },
    {
      "url" : "http://smart.who.int/icvp/ValueSet/ICVPDiseaseTargeted",
      "version" : "0.2.0",
      "status" : "active",
      "name" : "ICVPDiseaseTargeted",
      "title" : "ICVP Disease Targeted",
      "description" : "Value set for yellow fever and polio only",
      "systems" : ["http://id.who.int/icd/release/11/mms"]
    },
    {
      "url" : "http://smart.who.int/icvp/ValueSet/ICVPProductIds",
      "version" : "0.2.0",
      "status" : "active",
      "name" : "ICVPProductIds",
      "title" : "WHO ICVP Vaccine Product Ids",
      "description" : "WHO ICVP Vaccine Product Ids",
      "systems" : [
        "http://smart.who.int/pcmt-vaxprequal/CodeSystem/PreQualProductIds"
      ],
      "uses" : {
      },
      "StructureDefinition-ICVPMinVaccineDetails.html" : "ICVP HCERT Payload",
      "ConceptMap-ICVPProductIdToVaccineType.html" : "ConceptMap from ICVP Product IDs to Vaccine Types"
    },
    {
      "url" : "http://smart.who.int/icvp/ValueSet/ICVPProductIds",
      "version" : null,
      "status" : "active",
      "name" : "ICVPProductIds",
      "title" : "WHO ICVP Vaccine Product Ids",
      "description" : "WHO ICVP Vaccine Product Ids",
      "systems" : [
        "http://smart.who.int/pcmt-vaxprequal/CodeSystem/PreQualProductIds"
      ]
    },
    {
      "url" : "http://smart.who.int/icvp/ValueSet/ICVPVaccineCodes",
      "version" : "0.2.0",
      "status" : "active",
      "name" : "ICVPVaccineCodes",
      "title" : "ICVP - Vaccine Codes",
      "description" : "This value set includes codes from ICVP",
      "systems" : ["http://id.who.int/icd/release/11/mms"]
    },
    {
      "url" : "http://smart.who.int/icvp/ValueSet/ICVPVaccineType",
      "version" : "0.2.0",
      "status" : "active",
      "name" : "ICVPVaccineType",
      "title" : "Vaccine Types for use in the ICVP",
      "description" : "WHO PreQualificaiton Vaccine Type for use in the ICVP",
      "systems" : [
        "http://smart.who.int/pcmt-vaxprequal/CodeSystem/PreQualVaccineType"
      ],
      "uses" : {
      },
      "ConceptMap-ICVPProductIdToVaccineType.html" : "ConceptMap from ICVP Product IDs to Vaccine Types"
    },
    {
      "url" : "http://smart.who.int/icvp/ValueSet/VaccineManufacturer",
      "version" : "0.2.0",
      "status" : "active",
      "name" : "VaccineManufacturer",
      "title" : "VaccineManufacturer",
      "description" : "VaccineManufacturer value set",
      "systems" : ["http://smart.who.int/icvp/CodeSystem/VaccineManufacturer"]
    },
    {
      "url" : "http://smart.who.int/icvp/ValueSet/preQualVaccines",
      "version" : "0.2.0",
      "status" : "active",
      "name" : "preQualVaccines",
      "title" : "preQualVaccines",
      "description" : "preQualVaccines value set",
      "systems" : ["http://smart.who.int/icvp/CodeSystem/preQualVaccines"]
    },
    {
      "url" : "http://smart.who.int/pcmt-vaxprequal/ValueSet/PreQualProductIds",
      "version" : "0.2.0",
      "status" : "active",
      "name" : "PreQualProductIds",
      "title" : "WHO PreQualificaiton Vaccine Product Ids",
      "description" : "WHO PreQualificaiton Vaccine Product Ids",
      "systems" : [
        "http://smart.who.int/pcmt-vaxprequal/CodeSystem/PreQualProductIds"
      ],
      "uses" : {
      },
      "Questionnaire-pPreQual.html" : "Questionnaire[http://smart.who.int/icvp/Questionnaire/pPreQual|0.2.0]"
    },
    {
      "url" : "http://smart.who.int/trust-phw/ValueSet/DVCRelationshipStatus",
      "version" : "0.1.0",
      "status" : "draft",
      "name" : "DVCRelationshipStatus",
      "title" : "Relationship Status for Contact in Patient",
      "description" : "Relationship Status for Contact in Patient",
      "systems" : [
        "http://smart.who.int/trust-phw/CodeSystem/DVCRelationshipStatus"
      ]
    },
    {
      "url" : "http://terminology.hl7.org/ValueSet/v2-0001",
      "version" : "2.9",
      "status" : "active",
      "name" : "v2.0001",
      "title" : "v2 SEX",
      "description" : "FHIR Value set/code system definition for HL7 v2 table 0001 ( SEX)",
      "systems" : ["http://terminology.hl7.org/CodeSystem/v2-0001"]
    },
    {
      "url" : "http://terminology.hl7.org/ValueSet/v2-0001",
      "version" : "2.0.0",
      "status" : "active",
      "name" : "Hl7VSAdministrativeSex",
      "title" : "hl7VS-administrativeSex",
      "description" : "Concepts specifying a patient's sex for administrative purposes.",
      "systems" : ["http://terminology.hl7.org/CodeSystem/v2-0001"],
      "oids" : ["2.16.840.1.113883.21.2"],
      "sources" : ["2.16.840.1.113883.21.2"],
      "uses" : {
      },
      "Questionnaire-pPreQual.html" : "Questionnaire[http://smart.who.int/icvp/Questionnaire/pPreQual|0.2.0]"
    },
    {
      "url" : "http://terminology.hl7.org/ValueSet/v2-0203",
      "version" : "2.0.0",
      "status" : "active",
      "name" : "Hl7VSIdentifierType",
      "title" : "hl7VS-identifierType",
      "description" : "Concepts specifying types of identififiers, as used in person and organization identification datatypes in HL7 Version 2 standards.",
      "systems" : ["http://terminology.hl7.org/CodeSystem/v2-0203"],
      "oids" : ["2.16.840.1.113883.21.120"],
      "sources" : ["2.16.840.1.113883.21.120"],
      "uses" : {
      },
      "Questionnaire-ICVP.html" : "ICVP Model Questionnaire"
    },
    {
      "url" : "http://terminology.hl7.org/ValueSet/v3-Country",
      "version" : "3.0.0",
      "status" : "active",
      "name" : "Country",
      "title" : "Country",
      "description" : "Countries of the world. ISO 3166, part 1, alpha-3 set.",
      "systems" : ["urn:iso:std:iso:3166"],
      "oids" : ["2.16.840.1.113883.1.11.171"],
      "sources" : ["2.16.840.1.113883.1.11.171"]
    },
    {
      "url" : "http://terminology.hl7.org/ValueSet/v3-Country",
      "version" : "3.0.0",
      "status" : "active",
      "name" : "Country",
      "title" : "Country",
      "description" : "Countries of the world. ISO 3166, part 1, alpha-3 set.",
      "systems" : ["urn:iso:std:iso:3166"],
      "oids" : ["2.16.840.1.113883.1.11.171"],
      "sources" : ["2.16.840.1.113883.1.11.171"],
      "uses" : {
      },
      "Questionnaire-pPreQual.html" : "Questionnaire[http://smart.who.int/icvp/Questionnaire/pPreQual|0.2.0]"
    }
  ]
}
