"Id","Path","Slice Name","Alias(s)","Label","Min","Max","Must Support?","Is Modifier?","Is Summary?","Type(s)","Short","Definition","Comments","Requirements","Default Value","Meaning When Missing","Fixed Value","Pattern","Example","Minimum Value","Maximum Value","Maximum Length","Binding Strength","Binding Description","Binding Value Set","Code","Slicing Discriminator","Slicing Description","Slicing Ordered","Slicing Rules","Base Path","Base Min","Base Max","Condition(s)","Constraint(s)"
"DVC","DVC","","","",0,*,"","","","null {[]} {[]}
","DVC","Data elements for Digital Vaccination Certificate.","","","","","","","","","",,,,,"",,,,"Base",0,*,"",""
"DVC.name","DVC.name","","","",1,1,"","","","string {[]} {[]}
","Name","The full name of the client","","","","","","","","","",,,,,"",,,,"DVC.name",1,1,"",""
"DVC.dob","DVC.dob","","","",1,1,"","","","date {[]} {[]}
","Date of Birth","Date of Birth","","","","","","","","","",,,,,"",,,,"DVC.dob",1,1,"",""
"DVC.sex","DVC.sex","","","",0,1,"","","","code {[]} {[]}
","Sex","Sex","","","","","","","","","",,,,,"",,,,"DVC.sex",0,1,"",""
"DVC.nationality","DVC.nationality","","","",0,1,"","","","code {[]} {[]}
","Nationality","Nationality","","","","","","","","","",,,,,"",,,,"DVC.nationality",0,1,"",""
"DVC.nid","DVC.nid","","","",0,1,"","","","string {[]} {[]}
","National Identification Document","National Identification Document","","","","","","","","","",,,,,"",,,,"DVC.nid",0,1,"",""
"DVC.guardian","DVC.guardian","","","",0,1,"","","","string {[]} {[]}
","Parent/Guardian","Name of Parent or Guardian","","","","","","","","","",,,,,"",,,,"DVC.guardian",0,1,"",""
"DVC.issuer","DVC.issuer","","","",0,1,"","","","Reference {[]} {[CanonicalType[http://hl7.org/fhir/StructureDefinition/Organization]]}
","Document issuer","Document issuer","","","","","","","","","",,,,,"",,,,"DVC.issuer",0,1,"",""
"DVC.vaccineDetails","DVC.vaccineDetails","","","",1,*,"","","","http://smart.who.int/icvp/StructureDefinition/VaccineDetails {[]} {[]}
","Vaccine Details","Vaccine Details","","","","","","","","","",,,,,"",,,,"DVC.vaccineDetails",1,*,"",""
