{
  "codeSystems" : [
    {
      "url" : "http://hl7.org/fhir/ValueSet/administrative-gender",
      "version" : "4.0.1",
      "status" : "active",
      "name" : "AdministrativeGender",
      "title" : "AdministrativeGender",
      "description" : "The gender of a person used for administrative purposes.",
      "systems" : ["http://hl7.org/fhir/administrative-gender"],
      "oids" : ["2.16.840.1.113883.4.642.3.1"],
      "sources" : ["2.16.840.1.113883.4.642.3.1"],
      "uses" : {
      },
      "StructureDefinition-DVCPatient.html" : "DVC Patient"
    },
    {
      "url" : "http://hl7.org/fhir/ValueSet/body-site",
      "version" : "4.0.1",
      "status" : "draft",
      "name" : "SNOMEDCTBodyStructures",
      "title" : "SNOMED CT Body Structures",
      "description" : "This value set includes all codes from [SNOMED CT](http://snomed.info/sct) where concept is-a 442083009 (Anatomical or acquired body site (body structure)).",
      "systems" : ["http://snomed.info/sct"],
      "oids" : ["2.16.840.1.113883.4.642.3.141"],
      "sources" : ["2.16.840.1.113883.4.642.3.141"],
      "uses" : {
      },
      "StructureDefinition-Immunization-uv-ips-ICVP.html" : "DVC - WHO ICVP Immunization for IPS",
      "StructureDefinition-Immunization-uv-ips-DVC.html" : "DVC - Profile for Digitial Vaccination Cards for Immunization for IPS.  Note that no Product Catalog has been set",
      "StructureDefinition-Immunization-uv-ips-PreQual.html" : "DVC - WHO PreQual Immunization for IPS"
    },
    {
      "url" : "http://hl7.org/fhir/ValueSet/bundle-type",
      "version" : "4.0.1",
      "status" : "active",
      "name" : "BundleType",
      "title" : "BundleType",
      "description" : "Indicates the purpose of a bundle - how it is intended to be used.",
      "systems" : ["http://hl7.org/fhir/bundle-type"],
      "oids" : ["2.16.840.1.113883.4.642.3.620"],
      "sources" : ["2.16.840.1.113883.4.642.3.620"],
      "uses" : {
      },
      "StructureDefinition-DVCBundle.html" : "Digital Vaccination Certificate - Bundle",
      "StructureDefinition-Bundle-uv-ips-DVC.html" : "DVC Certificate - DVC Bundle for Digital Vaccine Certificates",
      "StructureDefinition-Bundle-uv-ips-PreQual.html" : "DVC Certificate - IPS Bundle for WHO PreQual Databae",
      "StructureDefinition-Bundle-uv-ips-ICVP.html" : "DVC Certificate - IPS Bundle from WHO ICVP"
    },
    {
      "url" : "http://hl7.org/fhir/ValueSet/composition-attestation-mode",
      "version" : "4.0.1",
      "status" : "draft",
      "name" : "CompositionAttestationMode",
      "title" : "CompositionAttestationMode",
      "description" : "The way in which a person authenticated a composition.",
      "systems" : ["http://hl7.org/fhir/composition-attestation-mode"],
      "oids" : ["2.16.840.1.113883.4.642.3.238"],
      "sources" : ["2.16.840.1.113883.4.642.3.238"],
      "uses" : {
      },
      "StructureDefinition-Composition-uv-ips-PreQual.html" : "DVC Certificate - IPS Composition for WHO PreQual Database",
      "StructureDefinition-Composition-uv-ips-DVC.html" : "DVC Certificate - IPS Composition ",
      "StructureDefinition-DVCComposition.html" : "Digital Vaccination Certificate - Composition",
      "StructureDefinition-Composition-uv-ips-ICVP.html" : "DVC Certificate - IPS Composition for WHO ICVP"
    },
    {
      "url" : "http://hl7.org/fhir/ValueSet/composition-status",
      "version" : "4.0.1",
      "status" : "draft",
      "name" : "CompositionStatus",
      "title" : "CompositionStatus",
      "description" : "The workflow/clinical status of the composition.",
      "systems" : ["http://hl7.org/fhir/composition-status"],
      "oids" : ["2.16.840.1.113883.4.642.3.241"],
      "sources" : ["2.16.840.1.113883.4.642.3.241"],
      "uses" : {
      },
      "StructureDefinition-Composition-uv-ips-PreQual.html" : "DVC Certificate - IPS Composition for WHO PreQual Database",
      "StructureDefinition-Composition-uv-ips-DVC.html" : "DVC Certificate - IPS Composition ",
      "StructureDefinition-DVCComposition.html" : "Digital Vaccination Certificate - Composition",
      "StructureDefinition-Composition-uv-ips-ICVP.html" : "DVC Certificate - IPS Composition for WHO ICVP"
    },
    {
      "url" : "http://hl7.org/fhir/ValueSet/doc-section-codes",
      "version" : "4.0.1",
      "status" : "draft",
      "name" : "DocumentSectionCodes",
      "title" : "Document Section Codes",
      "description" : "Document section codes (LOINC codes used in CCDA sections).",
      "systems" : ["http://loinc.org"],
      "oids" : ["2.16.840.1.113883.4.642.3.237"],
      "sources" : ["2.16.840.1.113883.4.642.3.237"],
      "uses" : {
      },
      "StructureDefinition-Composition-uv-ips-PreQual.html" : "DVC Certificate - IPS Composition for WHO PreQual Database",
      "StructureDefinition-Composition-uv-ips-DVC.html" : "DVC Certificate - IPS Composition ",
      "StructureDefinition-DVCComposition.html" : "Digital Vaccination Certificate - Composition",
      "StructureDefinition-Composition-uv-ips-ICVP.html" : "DVC Certificate - IPS Composition for WHO ICVP"
    },
    {
      "url" : "http://hl7.org/fhir/ValueSet/doc-typecodes",
      "version" : "4.0.1",
      "status" : "draft",
      "name" : "FHIRDocumentTypeCodes",
      "title" : "FHIR Document Type Codes",
      "description" : "FHIR Document Codes - all LOINC codes where scale type = 'DOC'.",
      "systems" : ["http://loinc.org"],
      "oids" : ["2.16.840.1.113883.4.642.3.240"],
      "sources" : ["2.16.840.1.113883.4.642.3.240"],
      "uses" : {
      },
      "StructureDefinition-Composition-uv-ips-PreQual.html" : "DVC Certificate - IPS Composition for WHO PreQual Database",
      "StructureDefinition-Composition-uv-ips-DVC.html" : "DVC Certificate - IPS Composition ",
      "StructureDefinition-DVCComposition.html" : "Digital Vaccination Certificate - Composition",
      "StructureDefinition-Composition-uv-ips-ICVP.html" : "DVC Certificate - IPS Composition for WHO ICVP"
    },
    {
      "url" : "http://hl7.org/fhir/ValueSet/document-classcodes",
      "version" : "4.0.1",
      "status" : "active",
      "name" : "DocumentClassValueSet",
      "title" : "Document Class Value Set",
      "description" : "This is the code specifying the high-level kind of document (e.g. Prescription, Discharge Summary, Report, etc.). Note: Class code for documents comes from LOINC, and is based upon one of the following:The type of service described by the document. It is described at a very high level in Section 7.3 of the LOINC Manual. The type study performed. It was determined by identifying modalities for study reports. The section of the chart where the document is placed. It was determined from the SETs created for Claims Attachment requests.",
      "systems" : ["http://loinc.org"],
      "oids" : ["2.16.840.1.113883.3.88.12.80.46"],
      "sources" : ["2.16.840.1.113883.3.88.12.80.46"],
      "uses" : {
      },
      "StructureDefinition-Composition-uv-ips-PreQual.html" : "DVC Certificate - IPS Composition for WHO PreQual Database",
      "StructureDefinition-Composition-uv-ips-DVC.html" : "DVC Certificate - IPS Composition ",
      "StructureDefinition-DVCComposition.html" : "Digital Vaccination Certificate - Composition",
      "StructureDefinition-Composition-uv-ips-ICVP.html" : "DVC Certificate - IPS Composition for WHO ICVP"
    },
    {
      "url" : "http://hl7.org/fhir/ValueSet/document-relationship-type",
      "version" : "4.0.1",
      "status" : "draft",
      "name" : "DocumentRelationshipType",
      "title" : "DocumentRelationshipType",
      "description" : "The type of relationship between documents.",
      "systems" : ["http://hl7.org/fhir/document-relationship-type"],
      "oids" : ["2.16.840.1.113883.4.642.3.244"],
      "sources" : ["2.16.840.1.113883.4.642.3.244"],
      "uses" : {
      },
      "StructureDefinition-Composition-uv-ips-PreQual.html" : "DVC Certificate - IPS Composition for WHO PreQual Database",
      "StructureDefinition-Composition-uv-ips-DVC.html" : "DVC Certificate - IPS Composition ",
      "StructureDefinition-DVCComposition.html" : "Digital Vaccination Certificate - Composition",
      "StructureDefinition-Composition-uv-ips-ICVP.html" : "DVC Certificate - IPS Composition for WHO ICVP"
    },
    {
      "url" : "http://hl7.org/fhir/ValueSet/http-verb",
      "version" : "4.0.1",
      "status" : "active",
      "name" : "HTTPVerb",
      "title" : "HTTPVerb",
      "description" : "HTTP verbs (in the HTTP command line). See [HTTP rfc](https://tools.ietf.org/html/rfc7231) for details.",
      "systems" : ["http://hl7.org/fhir/http-verb"],
      "oids" : ["2.16.840.1.113883.4.642.3.624"],
      "sources" : ["2.16.840.1.113883.4.642.3.624"],
      "uses" : {
      },
      "StructureDefinition-DVCBundle.html" : "Digital Vaccination Certificate - Bundle",
      "StructureDefinition-Bundle-uv-ips-DVC.html" : "DVC Certificate - DVC Bundle for Digital Vaccine Certificates",
      "StructureDefinition-Bundle-uv-ips-PreQual.html" : "DVC Certificate - IPS Bundle for WHO PreQual Databae",
      "StructureDefinition-Bundle-uv-ips-ICVP.html" : "DVC Certificate - IPS Bundle from WHO ICVP"
    },
    {
      "url" : "http://hl7.org/fhir/ValueSet/identifier-type",
      "version" : "4.0.1",
      "status" : "active",
      "name" : "Identifier Type Codes",
      "title" : "IdentifierType",
      "description" : "A coded type for an identifier that can be used to determine which identifier to use for a specific purpose.",
      "systems" : ["http://terminology.hl7.org/CodeSystem/v2-0203"],
      "oids" : ["2.16.840.1.113883.4.642.3.45"],
      "sources" : ["2.16.840.1.113883.4.642.3.45"],
      "uses" : {
      },
      "StructureDefinition-DVCPatient.html" : "DVC Patient"
    },
    {
      "url" : "http://hl7.org/fhir/ValueSet/identifier-use",
      "version" : "4.0.1",
      "status" : "active",
      "name" : "IdentifierUse",
      "title" : "IdentifierUse",
      "description" : "Identifies the purpose for this identifier, if known .",
      "systems" : ["http://hl7.org/fhir/identifier-use"],
      "oids" : ["2.16.840.1.113883.4.642.3.57"],
      "sources" : ["2.16.840.1.113883.4.642.3.57"],
      "uses" : {
      },
      "StructureDefinition-DVCPatient.html" : "DVC Patient"
    },
    {
      "url" : "http://hl7.org/fhir/ValueSet/immunization-function",
      "version" : "4.0.1",
      "status" : "draft",
      "name" : "ImmunizationFunctionCodes",
      "title" : "Immunization Function Codes",
      "description" : "The value set to instantiate this attribute should be drawn from a terminologically robust code system that consists of or contains concepts to support describing the function a practitioner or organization may play in the immunization event. This value set is provided as a suggestive example.",
      "systems" : ["http://terminology.hl7.org/CodeSystem/v2-0443"],
      "oids" : ["2.16.840.1.113883.4.642.3.995"],
      "sources" : ["2.16.840.1.113883.4.642.3.995"],
      "uses" : {
      },
      "StructureDefinition-DVCImmunization.html" : "DVC Immunization",
      "StructureDefinition-ICVPImmunization.html" : "ICVP Immunization",
      "StructureDefinition-Immunization-uv-ips-ICVP.html" : "DVC - WHO ICVP Immunization for IPS",
      "StructureDefinition-Immunization-uv-ips-DVC.html" : "DVC - Profile for Digitial Vaccination Cards for Immunization for IPS.  Note that no Product Catalog has been set",
      "StructureDefinition-Immunization-uv-ips-PreQual.html" : "DVC - WHO PreQual Immunization for IPS"
    },
    {
      "url" : "http://hl7.org/fhir/ValueSet/immunization-funding-source",
      "version" : "4.0.1",
      "status" : "draft",
      "name" : "ImmunizationFundingSource",
      "title" : "Immunization Funding Source",
      "description" : "The value set to instantiate this attribute should be drawn from a terminologically robust code system that consists of or contains concepts to support describing the source of the vaccine administered. This value set is provided as a suggestive example.",
      "systems" : [
        "http://terminology.hl7.org/CodeSystem/immunization-funding-source"
      ],
      "oids" : ["2.16.840.1.113883.4.642.3.293"],
      "sources" : ["2.16.840.1.113883.4.642.3.293"],
      "uses" : {
      },
      "StructureDefinition-DVCImmunization.html" : "DVC Immunization",
      "StructureDefinition-ICVPImmunization.html" : "ICVP Immunization",
      "StructureDefinition-Immunization-uv-ips-ICVP.html" : "DVC - WHO ICVP Immunization for IPS",
      "StructureDefinition-Immunization-uv-ips-DVC.html" : "DVC - Profile for Digitial Vaccination Cards for Immunization for IPS.  Note that no Product Catalog has been set",
      "StructureDefinition-Immunization-uv-ips-PreQual.html" : "DVC - WHO PreQual Immunization for IPS"
    },
    {
      "url" : "http://hl7.org/fhir/ValueSet/immunization-origin",
      "version" : "4.0.1",
      "status" : "draft",
      "name" : "ImmunizationOriginCodes",
      "title" : "Immunization Origin Codes",
      "description" : "The value set to instantiate this attribute should be drawn from a terminologically robust code system that consists of or contains concepts to support describing the source of the data when the report of the immunization event is not based on information from the person, entity or organization who administered the vaccine. This value set is provided as a suggestive example.",
      "systems" : ["http://terminology.hl7.org/CodeSystem/immunization-origin"],
      "oids" : ["2.16.840.1.113883.4.642.3.296"],
      "sources" : ["2.16.840.1.113883.4.642.3.296"],
      "uses" : {
      },
      "StructureDefinition-DVCImmunization.html" : "DVC Immunization",
      "StructureDefinition-ICVPImmunization.html" : "ICVP Immunization",
      "StructureDefinition-Immunization-uv-ips-ICVP.html" : "DVC - WHO ICVP Immunization for IPS",
      "StructureDefinition-Immunization-uv-ips-DVC.html" : "DVC - Profile for Digitial Vaccination Cards for Immunization for IPS.  Note that no Product Catalog has been set",
      "StructureDefinition-Immunization-uv-ips-PreQual.html" : "DVC - WHO PreQual Immunization for IPS"
    },
    {
      "url" : "http://hl7.org/fhir/ValueSet/immunization-program-eligibility",
      "version" : "4.0.1",
      "status" : "draft",
      "name" : "ImmunizationProgramEligibility",
      "title" : "Immunization Program Eligibility",
      "description" : "The value set to instantiate this attribute should be drawn from a terminologically robust code system that consists of or contains concepts to support describing the patient's eligibility for a vaccination program. This value set is provided as a suggestive example.",
      "systems" : [
        "http://terminology.hl7.org/CodeSystem/immunization-program-eligibility"
      ],
      "oids" : ["2.16.840.1.113883.4.642.3.291"],
      "sources" : ["2.16.840.1.113883.4.642.3.291"],
      "uses" : {
      },
      "StructureDefinition-DVCImmunization.html" : "DVC Immunization",
      "StructureDefinition-ICVPImmunization.html" : "ICVP Immunization",
      "StructureDefinition-Immunization-uv-ips-ICVP.html" : "DVC - WHO ICVP Immunization for IPS",
      "StructureDefinition-Immunization-uv-ips-DVC.html" : "DVC - Profile for Digitial Vaccination Cards for Immunization for IPS.  Note that no Product Catalog has been set",
      "StructureDefinition-Immunization-uv-ips-PreQual.html" : "DVC - WHO PreQual Immunization for IPS"
    },
    {
      "url" : "http://hl7.org/fhir/ValueSet/immunization-reason",
      "version" : "4.0.1",
      "status" : "draft",
      "name" : "ImmunizationReasonCodes",
      "title" : "Immunization Reason Codes",
      "description" : "The value set to instantiate this attribute should be drawn from a terminologically robust code system that consists of or contains concepts to support describing the reason why a dose of vaccine was administered. This value set is provided as a suggestive example.",
      "systems" : ["http://snomed.info/sct"],
      "oids" : ["2.16.840.1.113883.4.642.3.290"],
      "sources" : ["2.16.840.1.113883.4.642.3.290"],
      "uses" : {
      },
      "StructureDefinition-DVCImmunization.html" : "DVC Immunization",
      "StructureDefinition-ICVPImmunization.html" : "ICVP Immunization",
      "StructureDefinition-Immunization-uv-ips-ICVP.html" : "DVC - WHO ICVP Immunization for IPS",
      "StructureDefinition-Immunization-uv-ips-DVC.html" : "DVC - Profile for Digitial Vaccination Cards for Immunization for IPS.  Note that no Product Catalog has been set",
      "StructureDefinition-Immunization-uv-ips-PreQual.html" : "DVC - WHO PreQual Immunization for IPS"
    },
    {
      "url" : "http://hl7.org/fhir/ValueSet/immunization-route",
      "version" : "4.0.1",
      "status" : "draft",
      "name" : "ImmunizationRouteCodes",
      "title" : "Immunization Route Codes",
      "description" : "The value set to instantiate this attribute should be drawn from a terminologically robust code system that consists of or contains concepts to support describing the administrative routes used during vaccination. This value set is provided as a suggestive example.",
      "systems" : [
        "http://terminology.hl7.org/CodeSystem/v3-RouteOfAdministration"
      ],
      "oids" : ["2.16.840.1.113883.4.642.3.289"],
      "sources" : ["2.16.840.1.113883.4.642.3.289"],
      "uses" : {
      },
      "StructureDefinition-DVCImmunization.html" : "DVC Immunization",
      "StructureDefinition-ICVPImmunization.html" : "ICVP Immunization"
    },
    {
      "url" : "http://hl7.org/fhir/ValueSet/immunization-site",
      "version" : "4.0.1",
      "status" : "draft",
      "name" : "CodesForImmunizationSiteOfAdministration",
      "title" : "Codes for Immunization Site of Administration",
      "description" : "The value set to instantiate this attribute should be drawn from a terminologically robust code system that consists of or contains concepts to support describing the body site where the vaccination occurred. This value set is provided as a suggestive example.",
      "systems" : ["http://terminology.hl7.org/CodeSystem/v3-ActSite"],
      "oids" : ["2.16.840.1.113883.4.642.3.288"],
      "sources" : ["2.16.840.1.113883.4.642.3.288"],
      "uses" : {
      },
      "StructureDefinition-DVCImmunization.html" : "DVC Immunization",
      "StructureDefinition-ICVPImmunization.html" : "ICVP Immunization"
    },
    {
      "url" : "http://hl7.org/fhir/ValueSet/immunization-status",
      "version" : "4.0.1",
      "status" : "draft",
      "name" : "ImmunizationStatusCodes",
      "title" : "Immunization Status Codes",
      "description" : "The value set to instantiate this attribute should be drawn from a terminologically robust code system that consists of or contains concepts to support describing the current status of the administered dose of vaccine.",
      "systems" : ["http://hl7.org/fhir/event-status"],
      "oids" : ["2.16.840.1.113883.4.642.3.295"],
      "sources" : ["2.16.840.1.113883.4.642.3.295"],
      "uses" : {
      },
      "StructureDefinition-DVCImmunization.html" : "DVC Immunization",
      "StructureDefinition-ICVPImmunization.html" : "ICVP Immunization",
      "StructureDefinition-Immunization-uv-ips-ICVP.html" : "DVC - WHO ICVP Immunization for IPS",
      "StructureDefinition-Immunization-uv-ips-DVC.html" : "DVC - Profile for Digitial Vaccination Cards for Immunization for IPS.  Note that no Product Catalog has been set",
      "StructureDefinition-Immunization-uv-ips-PreQual.html" : "DVC - WHO PreQual Immunization for IPS"
    },
    {
      "url" : "http://hl7.org/fhir/ValueSet/immunization-status-reason",
      "version" : "4.0.1",
      "status" : "draft",
      "name" : "ImmunizationStatusReasonCodes",
      "title" : "Immunization Status Reason Codes",
      "description" : "The value set to instantiate this attribute should be drawn from a terminologically robust code system that consists of or contains concepts to support describing the reason why a dose of vaccine was not administered. This value set is provided as a suggestive example.",
      "systems" : [
        "http://terminology.hl7.org/CodeSystem/v3-ActReason",
        "http://snomed.info/sct"
      ],
      "oids" : ["2.16.840.1.113883.4.642.3.992"],
      "sources" : ["2.16.840.1.113883.4.642.3.992"],
      "uses" : {
      },
      "StructureDefinition-DVCImmunization.html" : "DVC Immunization",
      "StructureDefinition-ICVPImmunization.html" : "ICVP Immunization",
      "StructureDefinition-Immunization-uv-ips-ICVP.html" : "DVC - WHO ICVP Immunization for IPS",
      "StructureDefinition-Immunization-uv-ips-DVC.html" : "DVC - Profile for Digitial Vaccination Cards for Immunization for IPS.  Note that no Product Catalog has been set",
      "StructureDefinition-Immunization-uv-ips-PreQual.html" : "DVC - WHO PreQual Immunization for IPS"
    },
    {
      "url" : "http://hl7.org/fhir/ValueSet/immunization-subpotent-reason",
      "version" : "4.0.1",
      "status" : "draft",
      "name" : "ImmunizationSubpotentReason",
      "title" : "Immunization Subpotent Reason",
      "description" : "The value set to instantiate this attribute should be drawn from a terminologically robust code system that consists of or contains concepts to support describing the reason why a dose is considered to be subpotent. This value set is provided as a suggestive example.",
      "systems" : [
        "http://terminology.hl7.org/CodeSystem/immunization-subpotent-reason"
      ],
      "oids" : ["2.16.840.1.113883.4.642.3.993"],
      "sources" : ["2.16.840.1.113883.4.642.3.993"],
      "uses" : {
      },
      "StructureDefinition-DVCImmunization.html" : "DVC Immunization",
      "StructureDefinition-ICVPImmunization.html" : "ICVP Immunization",
      "StructureDefinition-Immunization-uv-ips-ICVP.html" : "DVC - WHO ICVP Immunization for IPS",
      "StructureDefinition-Immunization-uv-ips-DVC.html" : "DVC - Profile for Digitial Vaccination Cards for Immunization for IPS.  Note that no Product Catalog has been set",
      "StructureDefinition-Immunization-uv-ips-PreQual.html" : "DVC - WHO PreQual Immunization for IPS"
    },
    {
      "url" : "http://hl7.org/fhir/ValueSet/immunization-target-disease",
      "version" : "4.0.1",
      "status" : "draft",
      "name" : "ImmunizationTargetDiseaseCodes",
      "title" : "Immunization Target Disease Codes",
      "description" : "The value set to instantiate this attribute should be drawn from a terminologically robust code system that consists of or contains concepts to support describing the disease that the dose is being administered against. This value set is provided as a suggestive example and includes the SNOMED CT concepts from the 64572001 (Disease) hierarchy.",
      "systems" : ["http://snomed.info/sct"],
      "oids" : ["2.16.840.1.113883.4.642.3.1047"],
      "sources" : ["2.16.840.1.113883.4.642.3.1047"],
      "uses" : {
      },
      "StructureDefinition-DVCImmunization.html" : "DVC Immunization",
      "StructureDefinition-ICVPImmunization.html" : "ICVP Immunization"
    },
    {
      "url" : "http://hl7.org/fhir/ValueSet/languages",
      "version" : "4.0.1",
      "status" : "draft",
      "name" : "CommonLanguages",
      "title" : "Common Languages",
      "description" : "This value set includes common codes from BCP-47 (http://tools.ietf.org/html/bcp47)",
      "systems" : ["urn:ietf:bcp:47"],
      "oids" : ["2.16.840.1.113883.4.642.3.20"],
      "sources" : ["2.16.840.1.113883.4.642.3.20"],
      "uses" : {
      },
      "StructureDefinition-DVCBundle.html" : "Digital Vaccination Certificate - Bundle",
      "StructureDefinition-Bundle-uv-ips-DVC.html" : "DVC Certificate - DVC Bundle for Digital Vaccine Certificates",
      "StructureDefinition-Composition-uv-ips-DVC.html" : "DVC Certificate - IPS Composition ",
      "StructureDefinition-DVCComposition.html" : "Digital Vaccination Certificate - Composition",
      "StructureDefinition-DVCImmunization.html" : "DVC Immunization",
      "StructureDefinition-Bundle-uv-ips-PreQual.html" : "DVC Certificate - IPS Bundle for WHO PreQual Databae",
      "StructureDefinition-Composition-uv-ips-ICVP.html" : "DVC Certificate - IPS Composition for WHO ICVP",
      "StructureDefinition-DVCPatient.html" : "DVC Patient",
      "StructureDefinition-Immunization-uv-ips-DVC.html" : "DVC - Profile for Digitial Vaccination Cards for Immunization for IPS.  Note that no Product Catalog has been set",
      "StructureDefinition-Composition-uv-ips-PreQual.html" : "DVC Certificate - IPS Composition for WHO PreQual Database",
      "StructureDefinition-ICVPImmunization.html" : "ICVP Immunization",
      "StructureDefinition-Immunization-uv-ips-ICVP.html" : "DVC - WHO ICVP Immunization for IPS",
      "StructureDefinition-Bundle-uv-ips-ICVP.html" : "DVC Certificate - IPS Bundle from WHO ICVP",
      "StructureDefinition-Immunization-uv-ips-PreQual.html" : "DVC - WHO PreQual Immunization for IPS"
    },
    {
      "url" : "http://hl7.org/fhir/ValueSet/link-type",
      "version" : "4.0.1",
      "status" : "active",
      "name" : "LinkType",
      "title" : "LinkType",
      "description" : "The type of link between this patient resource and another patient resource.",
      "systems" : ["http://hl7.org/fhir/link-type"],
      "oids" : ["2.16.840.1.113883.4.642.3.423"],
      "sources" : ["2.16.840.1.113883.4.642.3.423"],
      "uses" : {
      },
      "StructureDefinition-DVCPatient.html" : "DVC Patient"
    },
    {
      "url" : "http://hl7.org/fhir/ValueSet/list-empty-reason",
      "version" : "4.0.1",
      "status" : "draft",
      "name" : "ListEmptyReasons",
      "title" : "List Empty Reasons",
      "description" : "General reasons for a list to be empty. Reasons are either related to a summary list (i.e. problem or medication list) or to a workflow related list (i.e. consultation list).",
      "systems" : ["http://terminology.hl7.org/CodeSystem/list-empty-reason"],
      "oids" : ["2.16.840.1.113883.4.642.3.322"],
      "sources" : ["2.16.840.1.113883.4.642.3.322"],
      "uses" : {
      },
      "StructureDefinition-Composition-uv-ips-PreQual.html" : "DVC Certificate - IPS Composition for WHO PreQual Database",
      "StructureDefinition-Composition-uv-ips-DVC.html" : "DVC Certificate - IPS Composition ",
      "StructureDefinition-DVCComposition.html" : "Digital Vaccination Certificate - Composition",
      "StructureDefinition-Composition-uv-ips-ICVP.html" : "DVC Certificate - IPS Composition for WHO ICVP"
    },
    {
      "url" : "http://hl7.org/fhir/ValueSet/list-mode",
      "version" : "4.0.1",
      "status" : "draft",
      "name" : "ListMode",
      "title" : "ListMode",
      "description" : "The processing mode that applies to this list.",
      "systems" : ["http://hl7.org/fhir/list-mode"],
      "oids" : ["2.16.840.1.113883.4.642.3.318"],
      "sources" : ["2.16.840.1.113883.4.642.3.318"],
      "uses" : {
      },
      "StructureDefinition-Composition-uv-ips-PreQual.html" : "DVC Certificate - IPS Composition for WHO PreQual Database",
      "StructureDefinition-Composition-uv-ips-DVC.html" : "DVC Certificate - IPS Composition ",
      "StructureDefinition-DVCComposition.html" : "Digital Vaccination Certificate - Composition",
      "StructureDefinition-Composition-uv-ips-ICVP.html" : "DVC Certificate - IPS Composition for WHO ICVP"
    },
    {
      "url" : "http://hl7.org/fhir/ValueSet/list-order",
      "version" : "4.0.1",
      "status" : "draft",
      "name" : "ListOrderCodes",
      "title" : "List Order Codes",
      "description" : "Base values for the order of the items in a list resource.",
      "systems" : ["http://terminology.hl7.org/CodeSystem/list-order"],
      "oids" : ["2.16.840.1.113883.4.642.3.324"],
      "sources" : ["2.16.840.1.113883.4.642.3.324"],
      "uses" : {
      },
      "StructureDefinition-Composition-uv-ips-PreQual.html" : "DVC Certificate - IPS Composition for WHO PreQual Database",
      "StructureDefinition-Composition-uv-ips-DVC.html" : "DVC Certificate - IPS Composition ",
      "StructureDefinition-DVCComposition.html" : "Digital Vaccination Certificate - Composition",
      "StructureDefinition-Composition-uv-ips-ICVP.html" : "DVC Certificate - IPS Composition for WHO ICVP"
    },
    {
      "url" : "http://hl7.org/fhir/ValueSet/marital-status",
      "version" : "4.0.1",
      "status" : "active",
      "name" : "Marital Status Codes",
      "title" : "MaritalStatus",
      "description" : "This value set defines the set of codes that can be used to indicate the marital status of a person.",
      "systems" : [
        "http://terminology.hl7.org/CodeSystem/v3-MaritalStatus",
        "http://terminology.hl7.org/CodeSystem/v3-NullFlavor"
      ],
      "oids" : ["2.16.840.1.113883.4.642.3.29"],
      "sources" : ["2.16.840.1.113883.4.642.3.29"],
      "uses" : {
      },
      "StructureDefinition-DVCPatient.html" : "DVC Patient"
    },
    {
      "url" : "http://hl7.org/fhir/ValueSet/name-use",
      "version" : "4.0.1",
      "status" : "active",
      "name" : "NameUse",
      "title" : "NameUse",
      "description" : "The use of a human name.",
      "systems" : ["http://hl7.org/fhir/name-use"],
      "oids" : ["2.16.840.1.113883.4.642.3.65"],
      "sources" : ["2.16.840.1.113883.4.642.3.65"],
      "uses" : {
      },
      "StructureDefinition-DVCPatient.html" : "DVC Patient"
    },
    {
      "url" : "http://hl7.org/fhir/ValueSet/resource-types",
      "version" : "4.0.1",
      "status" : "active",
      "name" : "ResourceType",
      "title" : "ResourceType",
      "description" : "One of the resource types defined as part of this version of FHIR.",
      "systems" : ["http://hl7.org/fhir/resource-types"],
      "oids" : ["2.16.840.1.113883.4.642.3.27"],
      "sources" : ["2.16.840.1.113883.4.642.3.27"],
      "uses" : {
      },
      "StructureDefinition-Composition-uv-ips-PreQual.html" : "DVC Certificate - IPS Composition for WHO PreQual Database",
      "StructureDefinition-Composition-uv-ips-DVC.html" : "DVC Certificate - IPS Composition ",
      "StructureDefinition-DVCComposition.html" : "Digital Vaccination Certificate - Composition",
      "StructureDefinition-Immunization-uv-ips-ICVP.html" : "DVC - WHO ICVP Immunization for IPS",
      "StructureDefinition-Composition-uv-ips-ICVP.html" : "DVC Certificate - IPS Composition for WHO ICVP",
      "StructureDefinition-Immunization-uv-ips-DVC.html" : "DVC - Profile for Digitial Vaccination Cards for Immunization for IPS.  Note that no Product Catalog has been set",
      "StructureDefinition-Immunization-uv-ips-PreQual.html" : "DVC - WHO PreQual Immunization for IPS"
    },
    {
      "url" : "http://hl7.org/fhir/ValueSet/search-entry-mode",
      "version" : "4.0.1",
      "status" : "active",
      "name" : "SearchEntryMode",
      "title" : "SearchEntryMode",
      "description" : "Why an entry is in the result set - whether it's included as a match or because of an _include requirement, or to convey information or warning information about the search process.",
      "systems" : ["http://hl7.org/fhir/search-entry-mode"],
      "oids" : ["2.16.840.1.113883.4.642.3.622"],
      "sources" : ["2.16.840.1.113883.4.642.3.622"],
      "uses" : {
      },
      "StructureDefinition-DVCBundle.html" : "Digital Vaccination Certificate - Bundle",
      "StructureDefinition-Bundle-uv-ips-DVC.html" : "DVC Certificate - DVC Bundle for Digital Vaccine Certificates",
      "StructureDefinition-Bundle-uv-ips-PreQual.html" : "DVC Certificate - IPS Bundle for WHO PreQual Databae",
      "StructureDefinition-Bundle-uv-ips-ICVP.html" : "DVC Certificate - IPS Bundle from WHO ICVP"
    },
    {
      "url" : "http://hl7.org/fhir/ValueSet/vaccine-code",
      "version" : "4.0.1",
      "status" : "active",
      "name" : "VaccineAdministeredValueSet",
      "title" : "Vaccine Administered Value Set",
      "description" : "This identifies the vaccine substance administered - CVX codes.",
      "systems" : ["urn:oid:1.2.36.1.2001.1005.17", "http://hl7.org/fhir/sid/cvx"],
      "oids" : ["2.16.840.1.113883.3.88.12.80.22"],
      "sources" : ["2.16.840.1.113883.3.88.12.80.22"],
      "uses" : {
      },
      "StructureDefinition-DVCImmunization.html" : "DVC Immunization",
      "StructureDefinition-ICVPImmunization.html" : "ICVP Immunization"
    },
    {
      "url" : "http://hl7.org/fhir/uv/ips/ValueSet/medicine-route-of-administration",
      "version" : "2.0.0-ballot",
      "status" : "active",
      "name" : "MedicineRouteOfAdministrationUvIps",
      "title" : "Medicine Route of Administration - IPS",
      "description" : "EDQM (European Directorate for the Quality of Medicines and Healthcare) Route of Administration codes.  This Value Set includes all the EDQM Standard Terms having:  \n[Concept Status] = ‘Current’ AND  \n[Concept Class] = 'ROA' AND  \n[Domain] = 'Human and Veterinary'  \n\nROA = 'Route of administration'",
      "systems" : ["http://standardterms.edqm.eu"],
      "uses" : {
      },
      "StructureDefinition-Immunization-uv-ips-ICVP.html" : "DVC - WHO ICVP Immunization for IPS",
      "StructureDefinition-Immunization-uv-ips-DVC.html" : "DVC - Profile for Digitial Vaccination Cards for Immunization for IPS.  Note that no Product Catalog has been set",
      "StructureDefinition-Immunization-uv-ips-PreQual.html" : "DVC - WHO PreQual Immunization for IPS"
    },
    {
      "url" : "http://hl7.org/fhir/uv/ips/ValueSet/target-diseases-uv-ips",
      "version" : "2.0.0-ballot",
      "status" : "active",
      "name" : "VaccineTargetDiseasesUvIps",
      "title" : "Vaccine Target Diseases - IPS",
      "description" : "IPS Vaccine target disease codes value set.  This value set includes codes from SNOMED CT that represent specific vaccine target diseases (descendant concepts, if they exist, are not included).\n\nSNOMED CT® ECL definition:\\\n4834000 \\|Typhoid fever (disorder)\\| OR 6142004 \\|Influenza (disorder)\\| OR 16541001 \\|Yellow fever (disorder)\\| OR 14189004 \\|Measles (disorder)\\| OR 14168008 \\|Rabies (disorder)\\| OR 18624000 \\|Disease caused by Rotavirus (disorder)\\| OR 23502006 \\|Lyme disease (disorder)\\| OR 23511006 \\|Meningococcal infectious disease (disorder)\\| OR 24662006 \\|Influenza caused by Influenza B virus (disorder)\\| OR 25225006 \\|Disease caused by Adenovirus (disorder)\\| OR 27836007 \\|Pertussis (disorder)\\| OR 32398004 \\|Bronchitis (disorder)\\| OR 36653000 \\|Rubella (disorder)\\| OR 36989005 \\|Mumps (disorder)\\| OR 37246009 \\|Disease caused by rickettsiae (disorder)\\| OR 38907003 \\|Varicella (disorder)\\| OR 40468003 \\|Viral hepatitis, type A (disorder)\\| OR 50711007 \\|Viral hepatitis type C (disorder)\\| OR 52947006 \\|Japanese encephalitis virus disease (disorder)\\| OR 56717001 \\|Tuberculosis (disorder)\\| OR 58750007 \\|Plague (disorder)\\| OR 63650001 \\|Cholera (disorder)\\| OR 66071002 \\|Viral hepatitis type B (disorder)\\| OR 67924001 \\|Smallpox (disorder)\\| OR 70036007 \\|Haemophilus influenzae pneumonia (disorder)\\| OR 75702008 \\|Brucellosis (disorder)\\| OR 76902006 \\|Tetanus (disorder)\\| OR 85904008 \\|Paratyphoid fever (disorder)\\| OR 111852003 \\|Vaccinia (disorder)\\| OR 186150001 \\|Enteritis caused by rotavirus (disorder)\\| OR 186772009 \\|Rocky Mountain spotted fever (disorder)\\| OR 186788009 \\|Q fever (disorder)\\| OR 240532009 \\|Human papillomavirus infection (disorder)\\| OR 240613006 \\|Typhus group rickettsial disease (disorder)\\| OR 372244006 \\|Malignant melanoma (disorder)\\| OR 397430003 \\|Diphtheria caused by Corynebacterium diphtheriae (disorder)\\| OR 398102009 \\|Acute poliomyelitis (disorder)\\| OR 398565003 \\|Infection caused by Clostridium botulinum (disorder)\\| OR 409498004 \\|Anthrax (disorder)\\| OR 417093003 \\|Disease caused by West Nile virus (disorder)\\| OR 442438000 \\|Influenza caused by Influenza A virus (disorder)\\| OR 442696006 \\|Influenza caused by Influenza A virus subtype H1N1 (disorder)\\| OR 450715004 \\|Influenza caused by Influenza A virus subtype H7 (disorder)\\| OR 707448003 \\|Influenza caused by Influenza A virus subtype H7N9 (disorder)\\| OR 709410003 \\|Haemophilus influenzae type b infection (disorder)\\| OR 712986001 \\|Encephalitis caused by tick-borne encephalitis virus (disorder)\\| OR 713083002 \\|Influenza caused by Influenza A virus subtype H5 (disorder)\\| OR 772810003 \\|Influenza caused by Influenza A virus subtype H3N2 (disorder)\\| OR 772828001 \\|Influenza caused by Influenza A virus subtype H5N1 (disorder)\\| OR 840539006 \\|Disease caused by severe acute respiratory syndrome coronavirus 2 (disorder)\\|",
      "systems" : ["http://snomed.info/sct"],
      "uses" : {
      },
      "StructureDefinition-Immunization-uv-ips-ICVP.html" : "DVC - WHO ICVP Immunization for IPS",
      "StructureDefinition-Immunization-uv-ips-DVC.html" : "DVC - Profile for Digitial Vaccination Cards for Immunization for IPS.  Note that no Product Catalog has been set",
      "StructureDefinition-Immunization-uv-ips-PreQual.html" : "DVC - WHO PreQual Immunization for IPS"
    },
    {
      "url" : "http://hl7.org/fhir/uv/ips/ValueSet/vaccines-uv-ips",
      "version" : "2.0.0-ballot",
      "status" : "active",
      "name" : "VaccinesUvIps",
      "title" : "Vaccines - IPS",
      "description" : "IPS Vaccine codes value set.  This value set includes codes from SNOMED CT®: all descendants of 787859002 \\|Vaccine product (product)\\|; all descendants or self of 787482006 \\|No known immunizations (situation)\\|\n\nSNOMED CT® ECL definition:\\\n< 787859002 \\|Vaccine product (product)\\| OR \\<\\< 787482006 \\|No known immunizations (situation)\\|",
      "systems" : ["http://snomed.info/sct"],
      "uses" : {
      },
      "StructureDefinition-Immunization-uv-ips-ICVP.html" : "DVC - WHO ICVP Immunization for IPS",
      "StructureDefinition-Immunization-uv-ips-DVC.html" : "DVC - Profile for Digitial Vaccination Cards for Immunization for IPS.  Note that no Product Catalog has been set",
      "StructureDefinition-Immunization-uv-ips-PreQual.html" : "DVC - WHO PreQual Immunization for IPS"
    },
    {
      "url" : "http://hl7.org/fhir/uv/ips/ValueSet/vaccines-whoatc-uv-ips",
      "version" : "2.0.0-ballot",
      "status" : "active",
      "name" : "VaccinesWhoAtcUvIps",
      "title" : "Vaccines WHO ATC - IPS",
      "description" : "IPS Vaccine codes value set.  This value set includes codes from the World Health Organization Anatomical Therapeutic Chemical (ATC) classification system: all descendants of J07 \"VACCINES\"",
      "systems" : ["http://www.whocc.no/atc"],
      "uses" : {
      },
      "StructureDefinition-Immunization-uv-ips-ICVP.html" : "DVC - WHO ICVP Immunization for IPS",
      "StructureDefinition-Immunization-uv-ips-DVC.html" : "DVC - Profile for Digitial Vaccination Cards for Immunization for IPS.  Note that no Product Catalog has been set",
      "StructureDefinition-Immunization-uv-ips-PreQual.html" : "DVC - WHO PreQual Immunization for IPS"
    },
    {
      "url" : "http://smart.who.int/icvp/ValueSet/DVCRelationshipStatus",
      "version" : null,
      "status" : "draft",
      "name" : "DVCRelationshipStatus",
      "title" : "Relationship Status for Contact in Patient",
      "description" : "Relationship Status for Contact in Patient",
      "systems" : ["http://smart.who.int/icvp/CodeSystem/DVCRelationshipStatus"]
    },
    {
      "url" : "http://smart.who.int/icvp/ValueSet/DVCRelationshipStatus",
      "version" : null,
      "status" : "draft",
      "name" : "DVCRelationshipStatus",
      "title" : "Relationship Status for Contact in Patient",
      "description" : "Relationship Status for Contact in Patient",
      "systems" : ["http://smart.who.int/icvp/CodeSystem/DVCRelationshipStatus"]
    },
    {
      "url" : "http://smart.who.int/icvp/ValueSet/DVCRelationshipStatus",
      "version" : "0.1.0",
      "status" : "draft",
      "name" : "DVCRelationshipStatus",
      "title" : "Relationship Status for Contact in Patient",
      "description" : "Relationship Status for Contact in Patient",
      "systems" : ["http://smart.who.int/icvp/CodeSystem/DVCRelationshipStatus"],
      "uses" : {
      },
      "StructureDefinition-DVCPatient.html" : "DVC Patient"
    },
    {
      "url" : "http://smart.who.int/icvp/ValueSet/DVCVaccines",
      "version" : null,
      "status" : "draft",
      "name" : "DVCVaccines",
      "title" : "DVC - Vaccines",
      "description" : "This value set includes codes from ICD",
      "systems" : ["http://id.who.int/icd/release/11/mms"]
    },
    {
      "url" : "http://smart.who.int/icvp/ValueSet/DVCVaccines",
      "version" : "0.1.0",
      "status" : "draft",
      "name" : "DVCVaccines",
      "title" : "DVC - Vaccines",
      "description" : "This value set includes codes from ICD",
      "systems" : ["http://id.who.int/icd/release/11/mms"]
    },
    {
      "url" : "http://smart.who.int/icvp/ValueSet/DiseaseTargeted",
      "version" : null,
      "status" : "draft",
      "name" : "DiseaseTargeted",
      "title" : "Disease Targeted",
      "description" : "Value set for all diseases",
      "systems" : ["http://id.who.int/icd/release/11/mms"]
    },
    {
      "url" : "http://smart.who.int/icvp/ValueSet/DiseaseTargeted",
      "version" : "0.1.0",
      "status" : "draft",
      "name" : "DiseaseTargeted",
      "title" : "Disease Targeted",
      "description" : "Value set for all diseases",
      "systems" : ["http://id.who.int/icd/release/11/mms"],
      "uses" : {
      },
      "StructureDefinition-DVCImmunization.html" : "DVC Immunization",
      "StructureDefinition-ICVPImmunization.html" : "ICVP Immunization"
    },
    {
      "url" : "http://smart.who.int/icvp/ValueSet/DoseNumber",
      "version" : null,
      "status" : "draft",
      "name" : "DoseNumber",
      "title" : "Dose Number",
      "description" : "Dose Number value set",
      "systems" : ["http://smart.who.int/icvp/CodeSystem/DoseNumber"]
    },
    {
      "url" : "http://smart.who.int/icvp/ValueSet/DoseNumber",
      "version" : null,
      "status" : "draft",
      "name" : "DoseNumber",
      "title" : "Dose Number",
      "description" : "Dose Number value set",
      "systems" : ["http://smart.who.int/icvp/CodeSystem/DoseNumber"]
    },
    {
      "url" : "http://smart.who.int/icvp/ValueSet/DoseNumber",
      "version" : "0.1.0",
      "status" : "draft",
      "name" : "DoseNumber",
      "title" : "Dose Number",
      "description" : "Dose Number value set",
      "systems" : ["http://smart.who.int/icvp/CodeSystem/DoseNumber"]
    },
    {
      "url" : "http://smart.who.int/icvp/ValueSet/ICVPDiseaseTargeted",
      "version" : null,
      "status" : "draft",
      "name" : "ICVPDiseaseTargeted",
      "title" : "ICVP Disease Targeted",
      "description" : "Value set for yellow fever and polio only",
      "systems" : ["http://id.who.int/icd/release/11/mms"]
    },
    {
      "url" : "http://smart.who.int/icvp/ValueSet/ICVPDiseaseTargeted",
      "version" : "0.1.0",
      "status" : "draft",
      "name" : "ICVPDiseaseTargeted",
      "title" : "ICVP Disease Targeted",
      "description" : "Value set for yellow fever and polio only",
      "systems" : ["http://id.who.int/icd/release/11/mms"]
    },
    {
      "url" : "http://smart.who.int/icvp/ValueSet/ICVPProductIds",
      "version" : "0.1.0",
      "status" : "active",
      "name" : "ICVPProductIds",
      "title" : "WHO ICVP Vaccine Product Ids",
      "description" : "WHO ICVP Vaccine Product Ids",
      "systems" : [
        "http://smart.who.int/pcmt-vaxprequal/CodeSystem/PreQualProductIds"
      ]
    },
    {
      "url" : "http://smart.who.int/icvp/ValueSet/ICVPQualVaccineType",
      "version" : "0.1.0",
      "status" : "draft",
      "name" : "ICVPQualVaccineType",
      "title" : "Vaccine Types for use in the ICVP",
      "description" : "WHO PreQualificaiton Vaccine Type for use in the ICVP",
      "systems" : ["http://smart.who.int/icvp/ValueSet/PreQualVaccineType"]
    },
    {
      "url" : "http://smart.who.int/icvp/ValueSet/ICVPVaccineCodes",
      "version" : null,
      "status" : "draft",
      "name" : "ICVPVaccineCodes",
      "title" : "ICVP - Vaccine Codes",
      "description" : "This value set includes codes from ICVP",
      "systems" : ["http://id.who.int/icd/release/11/mms"]
    },
    {
      "url" : "http://smart.who.int/icvp/ValueSet/ICVPVaccineCodes",
      "version" : "0.1.0",
      "status" : "draft",
      "name" : "ICVPVaccineCodes",
      "title" : "ICVP - Vaccine Codes",
      "description" : "This value set includes codes from ICVP",
      "systems" : ["http://id.who.int/icd/release/11/mms"]
    },
    {
      "url" : "http://terminology.hl7.org/ValueSet/v2-0001",
      "version" : "2.0.0",
      "status" : "active",
      "name" : "Hl7VSAdministrativeSex",
      "title" : "hl7VS-administrativeSex",
      "description" : "Concepts specifying a patient's sex for administrative purposes.",
      "systems" : ["http://terminology.hl7.org/CodeSystem/v2-0001"],
      "oids" : ["2.16.840.1.113883.21.2"],
      "sources" : ["2.16.840.1.113883.21.2"],
      "uses" : {
      },
      "Questionnaire-Questionnaire-DVCModel.html" : "DVC Model Questionnaire",
      "Questionnaire-Questionnaire-ICVPModel.html" : "ICVP Model Questionnaire"
    },
    {
      "url" : "http://terminology.hl7.org/ValueSet/v2-0001",
      "version" : "2.9",
      "status" : "active",
      "name" : "v2.0001",
      "title" : "v2 SEX",
      "description" : "FHIR Value set/code system definition for HL7 v2 table 0001 ( SEX)",
      "systems" : ["http://terminology.hl7.org/CodeSystem/v2-0001"]
    },
    {
      "url" : "http://terminology.hl7.org/ValueSet/v2-0001",
      "version" : "2.9",
      "status" : "active",
      "name" : "v2.0001",
      "title" : "v2 SEX",
      "description" : "FHIR Value set/code system definition for HL7 v2 table 0001 ( SEX)",
      "systems" : ["http://terminology.hl7.org/CodeSystem/v2-0001"]
    },
    {
      "url" : "http://terminology.hl7.org/ValueSet/v3-ActCode",
      "version" : "3.0.0",
      "status" : "active",
      "name" : "ActCode",
      "title" : "v3 Code System ActCode",
      "description" : "A code specifying the particular kind of Act that the Act-instance represents within its class.  Constraints:\r\nThe kind of Act (e.g. physical examination, serum potassium, inpatient encounter, charge financial transaction, etc.) is specified with a code from one of several, typically external, coding systems.  The coding system will depend on the class of Act, such as LOINC for observations, etc. Conceptually, the Act.code must be a specialization of the Act.classCode. This is why the structure of ActClass domain should be reflected in the superstructure of the ActCode domain and then individual codes or externally referenced vocabularies subordinated under these domains that reflect the ActClass structure. Act.classCode and Act.code are not modifiers of each other but the Act.code concept should really imply the Act.classCode concept. For a negative example, it is not appropriate to use an Act.code \"potassium\" together with and Act.classCode for \"laboratory observation\" to somehow mean \"potassium laboratory observation\" and then use the same Act.code for \"potassium\" together with Act.classCode for \"medication\" to mean \"substitution of potassium\". This mutually modifying use of Act.code and Act.classCode is not permitted.",
      "systems" : ["http://terminology.hl7.org/CodeSystem/v3-ActCode"],
      "uses" : {
      },
      "StructureDefinition-Composition-uv-ips-PreQual.html" : "DVC Certificate - IPS Composition for WHO PreQual Database",
      "StructureDefinition-Composition-uv-ips-DVC.html" : "DVC Certificate - IPS Composition ",
      "StructureDefinition-DVCComposition.html" : "Digital Vaccination Certificate - Composition",
      "StructureDefinition-Composition-uv-ips-ICVP.html" : "DVC Certificate - IPS Composition for WHO ICVP"
    },
    {
      "url" : "http://terminology.hl7.org/ValueSet/v3-ConfidentialityClassification",
      "version" : "2014-03-26",
      "status" : "active",
      "name" : "v3.ConfidentialityClassification",
      "title" : "V3 Value SetConfidentialityClassification",
      "description" : " Set of codes used to value Act.Confidentiality and Role.Confidentiality attribute in accordance with the definition for concept domain \"Confidentiality\".",
      "systems" : ["http://terminology.hl7.org/CodeSystem/v3-Confidentiality"],
      "oids" : ["2.16.840.1.113883.1.11.10228"],
      "sources" : ["2.16.840.1.113883.1.11.10228"],
      "uses" : {
      },
      "StructureDefinition-Composition-uv-ips-PreQual.html" : "DVC Certificate - IPS Composition for WHO PreQual Database",
      "StructureDefinition-Composition-uv-ips-DVC.html" : "DVC Certificate - IPS Composition ",
      "StructureDefinition-DVCComposition.html" : "Digital Vaccination Certificate - Composition",
      "StructureDefinition-Composition-uv-ips-ICVP.html" : "DVC Certificate - IPS Composition for WHO ICVP"
    },
    {
      "url" : "http://terminology.hl7.org/ValueSet/v3-Country",
      "version" : "3.0.0",
      "status" : "active",
      "name" : "Country",
      "title" : "Country",
      "description" : "Countries of the world. ISO 3166, part 1, alpha-3 set.",
      "systems" : ["urn:iso:std:iso:3166"],
      "oids" : ["2.16.840.1.113883.1.11.171"],
      "sources" : ["2.16.840.1.113883.1.11.171"],
      "uses" : {
      },
      "Questionnaire-Questionnaire-DVCModel.html" : "DVC Model Questionnaire",
      "Questionnaire-Questionnaire-ICVPModel.html" : "ICVP Model Questionnaire"
    },
    {
      "url" : "http://terminology.hl7.org/ValueSet/v3-Country",
      "version" : "3.0.0",
      "status" : "active",
      "name" : "Country",
      "title" : "Country",
      "description" : "Countries of the world. ISO 3166, part 1, alpha-3 set.",
      "systems" : ["urn:iso:std:iso:3166"],
      "oids" : ["2.16.840.1.113883.1.11.171"],
      "sources" : ["2.16.840.1.113883.1.11.171"]
    },
    {
      "url" : "http://terminology.hl7.org/ValueSet/v3-Country",
      "version" : "3.0.0",
      "status" : "active",
      "name" : "Country",
      "title" : "Country",
      "description" : "Countries of the world. ISO 3166, part 1, alpha-3 set.",
      "systems" : ["urn:iso:std:iso:3166"],
      "oids" : ["2.16.840.1.113883.1.11.171"],
      "sources" : ["2.16.840.1.113883.1.11.171"]
    }
  ]
}
