<?xml version="1.0" encoding="UTF-8"?><ValueSet xmlns="http://hl7.org/fhir"><id value="ICVPProductIds"/><text><status value="generated"/><div xmlns="http://www.w3.org/1999/xhtml"><p class="res-header-id"><b>Generated Narrative: ValueSet ICVPProductIds</b></p><a name="ICVPProductIds"> </a><a name="hcICVPProductIds"> </a><ul><li>Include these codes as defined in <a href="http://smart.who.int/pcmt-vaxprequal/v0.2.0/CodeSystem-PreQualProductIds.html"><code>http://smart.who.int/pcmt-vaxprequal/CodeSystem/PreQualProductIds</code></a><span title="Version is not explicitly stated, which means it is fixed to 0.2.0, the version found through the package references"> version 📦0.2.0</span><table class="none"><tr><td style="white-space:nowrap"><b>Code</b></td><td><b>Display</b></td><td><b><a href="ValueSet-ICVPVaccineType.html">ConceptMap from ICVP Product IDs to Vaccine Types</a></b></td></tr><tr><td><a href="http://smart.who.int/pcmt-vaxprequal/v0.2.0/CodeSystem-PreQualProductIds.html#PreQualProductIds-YellowFeverProductd2c75a15ed309658b3968519ddb31690">YellowFeverProductd2c75a15ed309658b3968519ddb31690</a></td><td>26/03/2009Yellow Fevern/aAmpoule2Federal State Autonomous Scientific Institution «Chumakov Federal Scientific Center for Research &amp; Development of Immune-And Biological Products», Russian Academy of SciencesFederal Service on Surveillance in Healthcare (ROSZDRAVNADZOR) of the Russian Federation</td><td><span title="EQUIVALENT">~</span><a href="http://smart.who.int/pcmt-vaxprequal/v0.2.0/CodeSystem-PreQualVaccineType.html#PreQualVaccineType-YellowFever">YellowFever</a></td></tr><tr><td><a href="http://smart.who.int/pcmt-vaxprequal/v0.2.0/CodeSystem-PreQualProductIds.html#PreQualProductIds-YellowFeverProduct771d1a5c0acaee3e2dc9d56af1aba49d">YellowFeverProduct771d1a5c0acaee3e2dc9d56af1aba49d</a></td><td>26/03/2009Yellow Fevern/aAmpoule5Federal State Autonomous Scientific Institution «Chumakov Federal Scientific Center for Research &amp; Development of Immune-And Biological Products», Russian Academy of SciencesFederal Service on Surveillance in Healthcare (ROSZDRAVNADZOR) of the Russian Federation</td><td><span title="EQUIVALENT">~</span><a href="http://smart.who.int/pcmt-vaxprequal/v0.2.0/CodeSystem-PreQualVaccineType.html#PreQualVaccineType-YellowFever">YellowFever</a></td></tr><tr><td><a href="http://smart.who.int/pcmt-vaxprequal/v0.2.0/CodeSystem-PreQualProductIds.html#PreQualProductIds-YellowFeverProducte929626497bdbb71adbe925f0c09c79f">YellowFeverProducte929626497bdbb71adbe925f0c09c79f</a></td><td>26/03/2009Yellow Fevern/aAmpoule10Federal State Autonomous Scientific Institution «Chumakov Federal Scientific Center for Research &amp; Development of Immune-And Biological Products», Russian Academy of SciencesFederal Service on Surveillance in Healthcare (ROSZDRAVNADZOR) of the Russian Federation</td><td><span title="EQUIVALENT">~</span><a href="http://smart.who.int/pcmt-vaxprequal/v0.2.0/CodeSystem-PreQualVaccineType.html#PreQualVaccineType-YellowFever">YellowFever</a></td></tr><tr><td><a href="http://smart.who.int/pcmt-vaxprequal/v0.2.0/CodeSystem-PreQualProductIds.html#PreQualProductIds-YellowFeverProduct01a3b83cf13e87948437db11cf5c34eb">YellowFeverProduct01a3b83cf13e87948437db11cf5c34eb</a></td><td>14/10/2022Yellow FeverSinSaVac™Vial10Federal State Autonomous Scientific Institution «Chumakov Federal Scientific Center for Research &amp; Development of Immune-And Biological Products», Russian Academy of SciencesFederal Service on Surveillance in Healthcare (ROSZDRAVNADZOR) of the Russian Federation</td><td><span title="EQUIVALENT">~</span><a href="http://smart.who.int/pcmt-vaxprequal/v0.2.0/CodeSystem-PreQualVaccineType.html#PreQualVaccineType-YellowFever">YellowFever</a></td></tr><tr><td><a href="http://smart.who.int/pcmt-vaxprequal/v0.2.0/CodeSystem-PreQualProductIds.html#PreQualProductIds-YellowFeverProductf82b015dfb3b1feeacd4c44d95b3b3ec">YellowFeverProductf82b015dfb3b1feeacd4c44d95b3b3ec</a></td><td>20/03/2001Yellow FeverStabilized Yellow Fever VaccineAmpoule5Institut Pasteur de DakarMinistère de la Santé publique</td><td><span title="EQUIVALENT">~</span><a href="http://smart.who.int/pcmt-vaxprequal/v0.2.0/CodeSystem-PreQualVaccineType.html#PreQualVaccineType-YellowFever">YellowFever</a></td></tr><tr><td><a href="http://smart.who.int/pcmt-vaxprequal/v0.2.0/CodeSystem-PreQualProductIds.html#PreQualProductIds-YellowFeverProduct223330a7c15da86b21cc363f591de002">YellowFeverProduct223330a7c15da86b21cc363f591de002</a></td><td>20/03/2001Yellow FeverStabilized Yellow Fever VaccineAmpoule10Institut Pasteur de DakarMinistère de la Santé publique</td><td><span title="EQUIVALENT">~</span><a href="http://smart.who.int/pcmt-vaxprequal/v0.2.0/CodeSystem-PreQualVaccineType.html#PreQualVaccineType-YellowFever">YellowFever</a></td></tr><tr><td><a href="http://smart.who.int/pcmt-vaxprequal/v0.2.0/CodeSystem-PreQualProductIds.html#PreQualProductIds-YellowFeverProductffea8448252ee58b7a92add05f0c3431">YellowFeverProductffea8448252ee58b7a92add05f0c3431</a></td><td>20/03/2001Yellow FeverStabilized Yellow Fever VaccineAmpoule20Institut Pasteur de DakarMinistère de la Santé publique</td><td><span title="EQUIVALENT">~</span><a href="http://smart.who.int/pcmt-vaxprequal/v0.2.0/CodeSystem-PreQualVaccineType.html#PreQualVaccineType-YellowFever">YellowFever</a></td></tr><tr><td><a href="http://smart.who.int/pcmt-vaxprequal/v0.2.0/CodeSystem-PreQualProductIds.html#PreQualProductIds-YellowFeverProductd8a09f80301dc05e124f99ffe7711fc0">YellowFeverProductd8a09f80301dc05e124f99ffe7711fc0</a></td><td>01/01/1987Yellow FeverSTAMARILVial + Ampoule10Sanofi PasteurAgence nationale de sécurité du médicament et des produits de santé</td><td><span title="EQUIVALENT">~</span><a href="http://smart.who.int/pcmt-vaxprequal/v0.2.0/CodeSystem-PreQualVaccineType.html#PreQualVaccineType-YellowFever">YellowFever</a></td></tr><tr><td><a href="http://smart.who.int/pcmt-vaxprequal/v0.2.0/CodeSystem-PreQualProductIds.html#PreQualProductIds-YellowFeverProductab01f006f8b24113f4a28cb50bfe6d9d">YellowFeverProductab01f006f8b24113f4a28cb50bfe6d9d</a></td><td>17/10/2001Yellow FeverYellow FeverTwo vial set (active + excipient)5Bio-Manguinhos/FiocruzAgencia Nacional da Vigilancia Sanitaria</td><td><span title="EQUIVALENT">~</span><a href="http://smart.who.int/pcmt-vaxprequal/v0.2.0/CodeSystem-PreQualVaccineType.html#PreQualVaccineType-YellowFever">YellowFever</a></td></tr><tr><td><a href="http://smart.who.int/pcmt-vaxprequal/v0.2.0/CodeSystem-PreQualProductIds.html#PreQualProductIds-YellowFeverProduct5f0639d8e4d52afef089aa7148c5060c">YellowFeverProduct5f0639d8e4d52afef089aa7148c5060c</a></td><td>10/12/2007Yellow FeverYellow FeverTwo vial set (active + excipient)10Bio-Manguinhos/FiocruzAgencia Nacional da Vigilancia Sanitaria</td><td><span title="EQUIVALENT">~</span><a href="http://smart.who.int/pcmt-vaxprequal/v0.2.0/CodeSystem-PreQualVaccineType.html#PreQualVaccineType-YellowFever">YellowFever</a></td></tr><tr><td><a href="http://smart.who.int/pcmt-vaxprequal/v0.2.0/CodeSystem-PreQualProductIds.html#PreQualProductIds-YellowFeverProducte0534dbc71a6cc09f56dce25216c538c">YellowFeverProducte0534dbc71a6cc09f56dce25216c538c</a></td><td>17/10/2001Yellow FeverYellow FeverTwo vial set (active + excipient)50Bio-Manguinhos/FiocruzAgencia Nacional da Vigilancia Sanitaria</td><td><span title="EQUIVALENT">~</span><a href="http://smart.who.int/pcmt-vaxprequal/v0.2.0/CodeSystem-PreQualVaccineType.html#PreQualVaccineType-YellowFever">YellowFever</a></td></tr><tr><td><a href="http://smart.who.int/pcmt-vaxprequal/v0.2.0/CodeSystem-PreQualProductIds.html#PreQualProductIds-PolioVaccineOralOPVTrivaProductfa4849f7532d522134f4102063af1617">PolioVaccineOralOPVTrivaProductfa4849f7532d522134f4102063af1617</a></td><td>20/03/2015Polio Vaccine - Oral (OPV) TrivalentBIOPOLIOVial10Bharat Biotech International LimitedCentral Drugs Standard Control Organization</td><td><span title="EQUIVALENT">~</span><a href="http://smart.who.int/pcmt-vaxprequal/v0.2.0/CodeSystem-PreQualVaccineType.html#PreQualVaccineType-PolioVaccineOralOPVTrivalent">PolioVaccineOralOPVTrivalent</a></td></tr><tr><td><a href="http://smart.who.int/pcmt-vaxprequal/v0.2.0/CodeSystem-PreQualProductIds.html#PreQualProductIds-PolioVaccineOralOPVTrivaProduct4df3a93ab495d85b3583d0cd1ae3d83e">PolioVaccineOralOPVTrivaProduct4df3a93ab495d85b3583d0cd1ae3d83e</a></td><td>20/03/2015Polio Vaccine - Oral (OPV) TrivalentBIOPOLIOVial20Bharat Biotech International LimitedCentral Drugs Standard Control Organization</td><td><span title="EQUIVALENT">~</span><a href="http://smart.who.int/pcmt-vaxprequal/v0.2.0/CodeSystem-PreQualVaccineType.html#PreQualVaccineType-PolioVaccineOralOPVTrivalent">PolioVaccineOralOPVTrivalent</a></td></tr><tr><td><a href="http://smart.who.int/pcmt-vaxprequal/v0.2.0/CodeSystem-PreQualProductIds.html#PreQualProductIds-PolioVaccineOralOPVBivalProduct16e883911ea0108b8213bc213c9972fe">PolioVaccineOralOPVBivalProduct16e883911ea0108b8213bc213c9972fe</a></td><td>25/08/2017Polio Vaccine - Oral (OPV) Bivalent Types 1 and 3BIOPOLIO B1/3Vial10Bharat Biotech International LimitedCentral Drugs Standard Control Organization</td><td><span title="EQUIVALENT">~</span><a href="http://smart.who.int/pcmt-vaxprequal/v0.2.0/CodeSystem-PreQualVaccineType.html#PreQualVaccineType-PolioVaccineOralOPVBivalentTypes1and3">PolioVaccineOralOPVBivalentTypes1and3</a></td></tr><tr><td><a href="http://smart.who.int/pcmt-vaxprequal/v0.2.0/CodeSystem-PreQualProductIds.html#PreQualProductIds-PolioVaccineOralOPVBivalProduct0e59118bc5938520115bac65a45be04d">PolioVaccineOralOPVBivalProduct0e59118bc5938520115bac65a45be04d</a></td><td>20/03/2015Polio Vaccine - Oral (OPV) Bivalent Types 1 and 3BIOPOLIO B1/3Vial20Bharat Biotech International LimitedCentral Drugs Standard Control Organization</td><td><span title="EQUIVALENT">~</span><a href="http://smart.who.int/pcmt-vaxprequal/v0.2.0/CodeSystem-PreQualVaccineType.html#PreQualVaccineType-PolioVaccineOralOPVBivalentTypes1and3">PolioVaccineOralOPVBivalentTypes1and3</a></td></tr><tr><td><a href="http://smart.who.int/pcmt-vaxprequal/v0.2.0/CodeSystem-PreQualProductIds.html#PreQualProductIds-PolioVaccineOralOPVBivalProductb62fbc87532804be42afa8d9050ef452">PolioVaccineOralOPVBivalProductb62fbc87532804be42afa8d9050ef452</a></td><td>16/11/2021Polio Vaccine - Oral (OPV) Bivalent Types 1 and 3Bivalent OPV Type 1 and 3 Poliomyelitis Vaccine, Live (Oral)Vial10Panacea Biotec Ltd.Central Drugs Standard Control Organization</td><td/></tr><tr><td><a href="http://smart.who.int/pcmt-vaxprequal/v0.2.0/CodeSystem-PreQualProductIds.html#PreQualProductIds-PolioVaccineOralOPVBivalProduct02c099d69cd245e7fcd3280a96f1dccb">PolioVaccineOralOPVBivalProduct02c099d69cd245e7fcd3280a96f1dccb</a></td><td>07/12/2018Polio Vaccine - Oral (OPV) Bivalent Types 1 and 3Bivalent OPV Type 1 and 3 Poliomyelitis Vaccine, Live (Oral)Vial20Panacea Biotec Ltd.Central Drugs Standard Control Organization</td><td/></tr><tr><td><a href="http://smart.who.int/pcmt-vaxprequal/v0.2.0/CodeSystem-PreQualProductIds.html#PreQualProductIds-PolioVaccineOralOPVBivalProductdecf3a77facc0b8f1443db5f7a806857">PolioVaccineOralOPVBivalProductdecf3a77facc0b8f1443db5f7a806857</a></td><td>05/11/2015Polio Vaccine - Oral (OPV) Bivalent Types 1 and 3Bivalent Oral Poliomyelitis Vaccine Type 1&amp;3 (bOPV 1&amp;3)Vial10PT Bio Farma (Persero)National Agency of Drug and Food Control Indonesia</td><td/></tr><tr><td><a href="http://smart.who.int/pcmt-vaxprequal/v0.2.0/CodeSystem-PreQualProductIds.html#PreQualProductIds-PolioVaccineOralOPVBivalProduct10aa94cef126e62542c2c45dc3604c0b">PolioVaccineOralOPVBivalProduct10aa94cef126e62542c2c45dc3604c0b</a></td><td>26/05/2010Polio Vaccine - Oral (OPV) Bivalent Types 1 and 3Bivalent Oral Poliomyelitis Vaccine Type 1&amp;3 (bOPV 1&amp;3)Vial20PT Bio Farma (Persero)National Agency of Drug and Food Control Indonesia</td><td/></tr><tr><td><a href="http://smart.who.int/pcmt-vaxprequal/v0.2.0/CodeSystem-PreQualProductIds.html#PreQualProductIds-PolioVaccineOralOPVBivalProduct26e6c50dfb385f223a12238dc6e202dd">PolioVaccineOralOPVBivalProduct26e6c50dfb385f223a12238dc6e202dd</a></td><td>19/03/2010Polio Vaccine - Oral (OPV) Bivalent Types 1 and 3Bivalent type 1&amp;3 Oral Poliomyelitis vaccine, IP (bOPV1&amp;3)Vial20Haffkine Bio Pharmaceutical Corporation LtdCentral Drugs Standard Control Organization</td><td/></tr><tr><td><a href="http://smart.who.int/pcmt-vaxprequal/v0.2.0/CodeSystem-PreQualProductIds.html#PreQualProductIds-PolioVaccineInactivatedSProduct0854d534a200bbeffa8be0f57dad584a">PolioVaccineInactivatedSProduct0854d534a200bbeffa8be0f57dad584a</a></td><td>01/06/2021Polio Vaccine - Inactivated Sabin (sIPV)Eupolio Inj.Vial1LG Chem LtdMinistry of Food and Drug Safety</td><td><span title="EQUIVALENT">~</span><a href="http://smart.who.int/pcmt-vaxprequal/v0.2.0/CodeSystem-PreQualVaccineType.html#PreQualVaccineType-PolioVaccineInactivatedSabinsIPV">PolioVaccineInactivatedSabinsIPV</a></td></tr><tr><td><a href="http://smart.who.int/pcmt-vaxprequal/v0.2.0/CodeSystem-PreQualProductIds.html#PreQualProductIds-PolioVaccineInactivatedSProduct031f63df3184acdf0cb82f90f316b6c3">PolioVaccineInactivatedSProduct031f63df3184acdf0cb82f90f316b6c3</a></td><td>21/12/2020Polio Vaccine - Inactivated Sabin (sIPV)Eupolio Inj.Vial5LG Chem LtdMinistry of Food and Drug Safety</td><td><span title="EQUIVALENT">~</span><a href="http://smart.who.int/pcmt-vaxprequal/v0.2.0/CodeSystem-PreQualVaccineType.html#PreQualVaccineType-PolioVaccineInactivatedSabinsIPV">PolioVaccineInactivatedSabinsIPV</a></td></tr><tr><td><a href="http://smart.who.int/pcmt-vaxprequal/v0.2.0/CodeSystem-PreQualProductIds.html#PreQualProductIds-DiphtheriaTetanusPertussProductf4177b409d09d83e48630717437c5aea">DiphtheriaTetanusPertussProductf4177b409d09d83e48630717437c5aea</a></td><td>21/03/2024Diphtheria-Tetanus-Pertussis (whole cell)-Hepatitis B-Haemophilus influenzae type b-Polio (Inactivated)HEXASIILVial1Serum Institute of India Pvt. Ltd.Central Drugs Standard Control Organization</td><td><span title="EQUIVALENT">~</span><a href="http://smart.who.int/pcmt-vaxprequal/v0.2.0/CodeSystem-PreQualVaccineType.html#PreQualVaccineType-DiphtheriaTetanusPertussiswholecellHepatitisBHaemophilusinfluenzaetypebPolioInactivated">DiphtheriaTetanusPertussiswholecellHepatitisBHaemophilusinfluenzaetypebPolioInactivated</a></td></tr><tr><td><a href="http://smart.who.int/pcmt-vaxprequal/v0.2.0/CodeSystem-PreQualProductIds.html#PreQualProductIds-DiphtheriaTetanusPertussProduct0e63b58e2976f385b77a9b5a356b68b5">DiphtheriaTetanusPertussProduct0e63b58e2976f385b77a9b5a356b68b5</a></td><td>21/03/2024Diphtheria-Tetanus-Pertussis (whole cell)-Hepatitis B-Haemophilus influenzae type b-Polio (Inactivated)HEXASIILVial10Serum Institute of India Pvt. Ltd.Central Drugs Standard Control Organization</td><td/></tr><tr><td><a href="http://smart.who.int/pcmt-vaxprequal/v0.2.0/CodeSystem-PreQualProductIds.html#PreQualProductIds-DiphtheriaTetanusPertussProductd54558e2851d29311ee7f90975827dc7">DiphtheriaTetanusPertussProductd54558e2851d29311ee7f90975827dc7</a></td><td>19/12/2014Diphtheria-Tetanus-Pertussis (acellular)-Hepatitis B-Haemophilus influenzae type b-Polio (Inactivated)HexaximVial1Sanofi PasteurEuropean Medicines Agency</td><td><span title="EQUIVALENT">~</span><a href="http://smart.who.int/pcmt-vaxprequal/v0.2.0/CodeSystem-PreQualVaccineType.html#PreQualVaccineType-DiphtheriaTetanusPertussisacellularHepatitisBHaemophilusinfluenzaetypebPolioInactivated">DiphtheriaTetanusPertussisacellularHepatitisBHaemophilusinfluenzaetypebPolioInactivated</a></td></tr><tr><td><a href="http://smart.who.int/pcmt-vaxprequal/v0.2.0/CodeSystem-PreQualProductIds.html#PreQualProductIds-PolioVaccineInactivatedIProduct532ef986c8042bbb15fee24056fdc4ed">PolioVaccineInactivatedIProduct532ef986c8042bbb15fee24056fdc4ed</a></td><td>09/12/2005Polio Vaccine - Inactivated (IPV)IMOVAX POLIOVial10Sanofi PasteurAgence nationale de sécurité du médicament et des produits de santé</td><td><span title="EQUIVALENT">~</span><a href="http://smart.who.int/pcmt-vaxprequal/v0.2.0/CodeSystem-PreQualVaccineType.html#PreQualVaccineType-PolioVaccineInactivatedIPV">PolioVaccineInactivatedIPV</a></td></tr><tr><td><a href="http://smart.who.int/pcmt-vaxprequal/v0.2.0/CodeSystem-PreQualProductIds.html#PreQualProductIds-PolioVaccineInactivatedIProduct087ff26057e89c006517428347dfbc3c">PolioVaccineInactivatedIProduct087ff26057e89c006517428347dfbc3c</a></td><td>23/12/2010Polio Vaccine - Inactivated (IPV)IPV Vaccine AJVVial1AJ Vaccines A/SDanish Medicines Agency</td><td><span title="EQUIVALENT">~</span><a href="http://smart.who.int/pcmt-vaxprequal/v0.2.0/CodeSystem-PreQualVaccineType.html#PreQualVaccineType-PolioVaccineInactivatedIPV">PolioVaccineInactivatedIPV</a></td></tr><tr><td><a href="http://smart.who.int/pcmt-vaxprequal/v0.2.0/CodeSystem-PreQualProductIds.html#PreQualProductIds-PolioVaccineOralOPVMonovProductcea74be2c728329aad7b9b33ae16a0b1">PolioVaccineOralOPVMonovProductcea74be2c728329aad7b9b33ae16a0b1</a></td><td>03/11/2009Polio Vaccine - Oral (OPV) Monovalent Type 1Monovalent Oral Poliomyelitis Vaccine Type 1 (mOPV1)Vial20PT Bio Farma (Persero)National Agency of Drug and Food Control Indonesia</td><td/></tr><tr><td><a href="http://smart.who.int/pcmt-vaxprequal/v0.2.0/CodeSystem-PreQualProductIds.html#PreQualProductIds-PolioVaccineOralOPVMonovProductef716e2b9567223ce6c95b090480ecfe">PolioVaccineOralOPVMonovProductef716e2b9567223ce6c95b090480ecfe</a></td><td>21/06/2019Polio Vaccine - Oral (OPV) Monovalent Type 2Monovalent Oral Poliomyelitis Vaccine Type 2Vial20PT Bio Farma (Persero)National Agency of Drug and Food Control Indonesia</td><td/></tr><tr><td><a href="http://smart.who.int/pcmt-vaxprequal/v0.2.0/CodeSystem-PreQualProductIds.html#PreQualProductIds-PolioVaccineOralOPVMonovProductae7e506ca48a3aa605b188cd11eaceab">PolioVaccineOralOPVMonovProductae7e506ca48a3aa605b188cd11eaceab</a></td><td>03/11/2009Polio Vaccine - Oral (OPV) Monovalent Type 1Monovalent type 1 Oral Poliomyelitis vaccine, IP (mOPV1)Vial20Haffkine Bio Pharmaceutical Corporation LtdCentral Drugs Standard Control Organization</td><td/></tr><tr><td><a href="http://smart.who.int/pcmt-vaxprequal/v0.2.0/CodeSystem-PreQualProductIds.html#PreQualProductIds-PolioVaccineOralOPVMonovProductf6d840e9cf722a80b38d0be001f47caf">PolioVaccineOralOPVMonovProductf6d840e9cf722a80b38d0be001f47caf</a></td><td>14/01/2016Polio Vaccine - Oral (OPV) Monovalent Type 2ORAL MONOVALENT TYPE 2 POLIOMYELITIS VACCINE (mOPV2)Vial20Sanofi PasteurAgence nationale de sécurité du médicament et des produits de santé</td><td/></tr><tr><td><a href="http://smart.who.int/pcmt-vaxprequal/v0.2.0/CodeSystem-PreQualProductIds.html#PreQualProductIds-PolioVaccineOralOPVTrivaProducte0bcdc085107751b3df34ad04620ac21">PolioVaccineOralOPVTrivaProducte0bcdc085107751b3df34ad04620ac21</a></td><td>31/08/2020Polio Vaccine - Oral (OPV) TrivalentOral Poliomyelitis Vaccines (Oral Drops)Vial20PT Bio Farma (Persero)National Agency of Drug and Food Control Indonesia</td><td><span title="EQUIVALENT">~</span><a href="http://smart.who.int/pcmt-vaxprequal/v0.2.0/CodeSystem-PreQualVaccineType.html#PreQualVaccineType-PolioVaccineOralOPVTrivalent">PolioVaccineOralOPVTrivalent</a></td></tr><tr><td><a href="http://smart.who.int/pcmt-vaxprequal/v0.2.0/CodeSystem-PreQualProductIds.html#PreQualProductIds-PolioVaccineInactivatedIProduct096d9e8c31e30cc1148311ee66359a50">PolioVaccineInactivatedIProduct096d9e8c31e30cc1148311ee66359a50</a></td><td>21/04/2020Polio Vaccine - Inactivated (IPV)PicovaxVial5AJ Vaccines A/SDanish Medicines Agency</td><td/></tr><tr><td><a href="http://smart.who.int/pcmt-vaxprequal/v0.2.0/CodeSystem-PreQualProductIds.html#PreQualProductIds-PolioVaccineOralOPVMonovProduct7d442364610244382098e1c4a3ba54c3">PolioVaccineOralOPVMonovProduct7d442364610244382098e1c4a3ba54c3</a></td><td>29/10/2009Polio Vaccine - Oral (OPV) Monovalent Type 1Polio Sabin Mono T1Vial10GlaxoSmithKline Biologicals SAFederal Agency for Medicines and Health Products</td><td/></tr><tr><td><a href="http://smart.who.int/pcmt-vaxprequal/v0.2.0/CodeSystem-PreQualProductIds.html#PreQualProductIds-PolioVaccineOralOPVMonovProduct4580ab03228ed6c70bb6c117b408f7e5">PolioVaccineOralOPVMonovProduct4580ab03228ed6c70bb6c117b408f7e5</a></td><td>29/10/2009Polio Vaccine - Oral (OPV) Monovalent Type 1Polio Sabin Mono T1Vial20GlaxoSmithKline Biologicals SAFederal Agency for Medicines and Health Products</td><td/></tr><tr><td><a href="http://smart.who.int/pcmt-vaxprequal/v0.2.0/CodeSystem-PreQualProductIds.html#PreQualProductIds-PolioVaccineOralOPVMonovProduct7a252b223173567f21721ee15a36f057">PolioVaccineOralOPVMonovProduct7a252b223173567f21721ee15a36f057</a></td><td>05/10/2010Polio Vaccine - Oral (OPV) Monovalent Type 3Polio Sabin Mono Three (oral)Vial10GlaxoSmithKline Biologicals SAFederal Agency for Medicines and Health Products</td><td/></tr><tr><td><a href="http://smart.who.int/pcmt-vaxprequal/v0.2.0/CodeSystem-PreQualProductIds.html#PreQualProductIds-PolioVaccineOralOPVMonovProductf22fcdfa611173d0afbce56d49867530">PolioVaccineOralOPVMonovProductf22fcdfa611173d0afbce56d49867530</a></td><td>05/10/2010Polio Vaccine - Oral (OPV) Monovalent Type 3Polio Sabin Mono Three (oral)Vial20GlaxoSmithKline Biologicals SAFederal Agency for Medicines and Health Products</td><td/></tr><tr><td><a href="http://smart.who.int/pcmt-vaxprequal/v0.2.0/CodeSystem-PreQualProductIds.html#PreQualProductIds-PolioVaccineOralOPVMonovProduct1b2bdb769d38e0b45eb60707ff9a36cb">PolioVaccineOralOPVMonovProduct1b2bdb769d38e0b45eb60707ff9a36cb</a></td><td>11/05/2011Polio Vaccine - Oral (OPV) Monovalent Type 2Polio Sabin Mono Two (oral)Vial10GlaxoSmithKline Biologicals SAFederal Agency for Medicines and Health Products</td><td/></tr><tr><td><a href="http://smart.who.int/pcmt-vaxprequal/v0.2.0/CodeSystem-PreQualProductIds.html#PreQualProductIds-PolioVaccineOralOPVMonovProductb4755cab194f57a5fecc8d890856bbdf">PolioVaccineOralOPVMonovProductb4755cab194f57a5fecc8d890856bbdf</a></td><td>11/05/2011Polio Vaccine - Oral (OPV) Monovalent Type 2Polio Sabin Mono Two (oral)Vial20GlaxoSmithKline Biologicals SAFederal Agency for Medicines and Health Products</td><td/></tr><tr><td><a href="http://smart.who.int/pcmt-vaxprequal/v0.2.0/CodeSystem-PreQualProductIds.html#PreQualProductIds-PolioVaccineOralOPVBivalProduct14c88c2e9b35698b4726903940c58037">PolioVaccineOralOPVBivalProduct14c88c2e9b35698b4726903940c58037</a></td><td>29/10/2009Polio Vaccine - Oral (OPV) Bivalent Types 1 and 3Polio Sabin One and ThreeVial10GlaxoSmithKline Biologicals SAFederal Agency for Medicines and Health Products</td><td/></tr><tr><td><a href="http://smart.who.int/pcmt-vaxprequal/v0.2.0/CodeSystem-PreQualProductIds.html#PreQualProductIds-PolioVaccineOralOPVBivalProduct2d10261076734e48cd7b289de6ea802e">PolioVaccineOralOPVBivalProduct2d10261076734e48cd7b289de6ea802e</a></td><td>29/10/2009Polio Vaccine - Oral (OPV) Bivalent Types 1 and 3Polio Sabin One and ThreeVial20GlaxoSmithKline Biologicals SAFederal Agency for Medicines and Health Products</td><td/></tr><tr><td><a href="http://smart.who.int/pcmt-vaxprequal/v0.2.0/CodeSystem-PreQualProductIds.html#PreQualProductIds-PolioVaccineInactivatedIProductc726fd7210023aa5738617a79cae2b40">PolioVaccineInactivatedIProductc726fd7210023aa5738617a79cae2b40</a></td><td>06/12/2010Polio Vaccine - Inactivated (IPV)Poliomyelitis vaccineVial1Bilthoven Biologicals B.V.Medicines Evaluation Board (MEB)</td><td/></tr><tr><td><a href="http://smart.who.int/pcmt-vaxprequal/v0.2.0/CodeSystem-PreQualProductIds.html#PreQualProductIds-PolioVaccineNovelOralnOPProduct65b137f0201901bc43fc8759e4f35f35">PolioVaccineNovelOralnOPProduct65b137f0201901bc43fc8759e4f35f35</a></td><td>29/07/2024Polio Vaccine - Novel Oral (nOPV) Type 2Poliomyelitis Vaccine - Novel Oral (nOPV) Type 2Vial20Biological E. LimitedCentral Drugs Standard Control Organization</td><td><span title="EQUIVALENT">~</span><a href="http://smart.who.int/pcmt-vaxprequal/v0.2.0/CodeSystem-PreQualVaccineType.html#PreQualVaccineType-PolioVaccineNovelOralnOPVType2">PolioVaccineNovelOralnOPVType2</a></td></tr><tr><td><a href="http://smart.who.int/pcmt-vaxprequal/v0.2.0/CodeSystem-PreQualProductIds.html#PreQualProductIds-PolioVaccineNovelOralnOPProduct278e9af5dc50904dd144a7ceb4d42dd7">PolioVaccineNovelOralnOPProduct278e9af5dc50904dd144a7ceb4d42dd7</a></td><td>27/12/2023Polio Vaccine - Novel Oral (nOPV) Type 2Polio Vaccine - Novel Oral (nOPV) Type 2Vial50PT Bio Farma (Persero)National Agency of Drug and Food Control Indonesia</td><td><span title="EQUIVALENT">~</span><a href="http://smart.who.int/pcmt-vaxprequal/v0.2.0/CodeSystem-PreQualVaccineType.html#PreQualVaccineType-PolioVaccineNovelOralnOPVType2">PolioVaccineNovelOralnOPVType2</a></td></tr><tr><td><a href="http://smart.who.int/pcmt-vaxprequal/v0.2.0/CodeSystem-PreQualProductIds.html#PreQualProductIds-PolioVaccineNovelOralnOPProductab7589153ddbc7968e1749119c5b1678">PolioVaccineNovelOralnOPProductab7589153ddbc7968e1749119c5b1678</a></td><td>29/07/2024Polio Vaccine - Novel Oral (nOPV) Type 2Poliomyelitis Vaccine - Novel Oral (nOPV) Type 2Vial50Biological E. LimitedCentral Drugs Standard Control Organization</td><td/></tr><tr><td><a href="http://smart.who.int/pcmt-vaxprequal/v0.2.0/CodeSystem-PreQualProductIds.html#PreQualProductIds-PolioVaccineInactivatedIProduct1d63ab46cee67d02439c47ed91439667">PolioVaccineInactivatedIProduct1d63ab46cee67d02439c47ed91439667</a></td><td>28/10/2016Polio Vaccine - Inactivated (IPV)Poliomyelitis Vaccine (Inactivated)Vial1Serum Institute of India Pvt. Ltd.Central Drugs Standard Control Organization</td><td/></tr><tr><td><a href="http://smart.who.int/pcmt-vaxprequal/v0.2.0/CodeSystem-PreQualProductIds.html#PreQualProductIds-PolioVaccineInactivatedIProduct13e82343f8e192fe6e3fbfbf2a47ffd7">PolioVaccineInactivatedIProduct13e82343f8e192fe6e3fbfbf2a47ffd7</a></td><td>28/10/2016Polio Vaccine - Inactivated (IPV)Poliomyelitis Vaccine (Inactivated)Vial2Serum Institute of India Pvt. Ltd.Central Drugs Standard Control Organization</td><td/></tr><tr><td><a href="http://smart.who.int/pcmt-vaxprequal/v0.2.0/CodeSystem-PreQualProductIds.html#PreQualProductIds-PolioVaccineInactivatedIProductf8085a2bd9a1c84fba1adee2ec6f6fb1">PolioVaccineInactivatedIProductf8085a2bd9a1c84fba1adee2ec6f6fb1</a></td><td>28/10/2016Polio Vaccine - Inactivated (IPV)Poliomyelitis Vaccine (Inactivated)Vial5Serum Institute of India Pvt. Ltd.Central Drugs Standard Control Organization</td><td/></tr><tr><td><a href="http://smart.who.int/pcmt-vaxprequal/v0.2.0/CodeSystem-PreQualProductIds.html#PreQualProductIds-PolioVaccineInactivatedIProductfea93261bf2f096ea48aed825522dc2d">PolioVaccineInactivatedIProductfea93261bf2f096ea48aed825522dc2d</a></td><td>11/07/2019Polio Vaccine - Inactivated (IPV)Poliomyelitis Vaccine (Inactivated)Vial10Serum Institute of India Pvt. Ltd.Central Drugs Standard Control Organization</td><td/></tr><tr><td><a href="http://smart.who.int/pcmt-vaxprequal/v0.2.0/CodeSystem-PreQualProductIds.html#PreQualProductIds-PolioVaccineOralOPVBivalProductdcbfa0a541c65032a917c39fa762c2f9">PolioVaccineOralOPVBivalProductdcbfa0a541c65032a917c39fa762c2f9</a></td><td>21/12/2017Polio Vaccine - Oral (OPV) Bivalent Types 1 and 3Poliomyelitis Vaccine (live, oral attenuated, human Diploid Cell), type 1 and 3Vial20Beijing Institute of Biological Products Co., Ltd.National Medical Products Administration</td><td/></tr><tr><td><a href="http://smart.who.int/pcmt-vaxprequal/v0.2.0/CodeSystem-PreQualProductIds.html#PreQualProductIds-PolioVaccineOralOPVBivalProduct06bf2d06adcc6d9e2bea8ac21846bb09">PolioVaccineOralOPVBivalProduct06bf2d06adcc6d9e2bea8ac21846bb09</a></td><td>22/10/2014Polio Vaccine - Oral (OPV) Bivalent Types 1 and 3Poliomyelitis Vaccine (Oral), Bivalent types 1 and 3Vial10Serum Institute of India Pvt. Ltd.Central Drugs Standard Control Organization</td><td/></tr><tr><td><a href="http://smart.who.int/pcmt-vaxprequal/v0.2.0/CodeSystem-PreQualProductIds.html#PreQualProductIds-PolioVaccineOralOPVBivalProducta5416e91021f0c00915e4688ff508717">PolioVaccineOralOPVBivalProducta5416e91021f0c00915e4688ff508717</a></td><td>04/02/2013Polio Vaccine - Oral (OPV) Bivalent Types 1 and 3Poliomyelitis Vaccine (Oral), Bivalent types 1 and 3Vial20Serum Institute of India Pvt. Ltd.Central Drugs Standard Control Organization</td><td/></tr><tr><td><a href="http://smart.who.int/pcmt-vaxprequal/v0.2.0/CodeSystem-PreQualProductIds.html#PreQualProductIds-PolioVaccineInactivatedSProduct2050ea67709cfcde28a01f0546276e96">PolioVaccineInactivatedSProduct2050ea67709cfcde28a01f0546276e96</a></td><td>06/06/2022Polio Vaccine - Inactivated Sabin (sIPV)Poliomyelitis Vaccine (Vero Cell), Inactivated, Sabin StrainsVial1Sinovac Biotech Co. LtdNational Medical Products Administration</td><td/></tr><tr><td><a href="http://smart.who.int/pcmt-vaxprequal/v0.2.0/CodeSystem-PreQualProductIds.html#PreQualProductIds-PolioVaccineInactivatedSProduct25383b1f589d42af3719c7074f982c9b">PolioVaccineInactivatedSProduct25383b1f589d42af3719c7074f982c9b</a></td><td>15/02/2022Polio Vaccine - Inactivated Sabin (sIPV)Poliomyelitis Vaccine (Vero Cell), Inactivated, Sabin StrainsVial1Beijing Institute of Biological Products Co., Ltd.National Medical Products Administration</td><td/></tr><tr><td><a href="http://smart.who.int/pcmt-vaxprequal/v0.2.0/CodeSystem-PreQualProductIds.html#PreQualProductIds-PolioVaccineInactivatedSProductd554f4c3848920ca8bcd00d44afd18a4">PolioVaccineInactivatedSProductd554f4c3848920ca8bcd00d44afd18a4</a></td><td>29/08/2024Polio Vaccine - Inactivated Sabin (sIPV)Poliomyelitis Vaccine (Vero Cell), Inactivated, Sabin StrainsVial5Sinovac Biotech Co. LtdNational Medical Products Administration</td><td/></tr><tr><td><a href="http://smart.who.int/pcmt-vaxprequal/v0.2.0/CodeSystem-PreQualProductIds.html#PreQualProductIds-PolioVaccineInactivatedIProduct3cde3a30cacdc23b9ec3bdf4ba9d23ff">PolioVaccineInactivatedIProduct3cde3a30cacdc23b9ec3bdf4ba9d23ff</a></td><td>28/11/2014Polio Vaccine - Inactivated (IPV)Poliomyelitis vaccine multidoseVial5Bilthoven Biologicals B.V.Medicines Evaluation Board (MEB)</td><td/></tr><tr><td><a href="http://smart.who.int/pcmt-vaxprequal/v0.2.0/CodeSystem-PreQualProductIds.html#PreQualProductIds-PolioVaccineInactivatedIProduct4562bbd80c6e57dbe29b122817623854">PolioVaccineInactivatedIProduct4562bbd80c6e57dbe29b122817623854</a></td><td>29/02/2024Polio Vaccine - Inactivated (IPV)Poliomyelitis vaccine multidoseVial10Bilthoven Biologicals B.V.Medicines Evaluation Board (MEB)</td><td/></tr><tr><td><a href="http://smart.who.int/pcmt-vaxprequal/v0.2.0/CodeSystem-PreQualProductIds.html#PreQualProductIds-PolioVaccineOralOPVTrivaProductbd7faeaf3f0e633420fba396895d6cc9">PolioVaccineOralOPVTrivaProductbd7faeaf3f0e633420fba396895d6cc9</a></td><td>02/02/2006Polio Vaccine - Oral (OPV) TrivalentPolioviral vaccineVial20Haffkine Bio Pharmaceutical Corporation LtdCentral Drugs Standard Control Organization</td><td><span title="EQUIVALENT">~</span><a href="http://smart.who.int/pcmt-vaxprequal/v0.2.0/CodeSystem-PreQualVaccineType.html#PreQualVaccineType-PolioVaccineOralOPVTrivalent">PolioVaccineOralOPVTrivalent</a></td></tr><tr><td><a href="http://smart.who.int/pcmt-vaxprequal/v0.2.0/CodeSystem-PreQualProductIds.html#PreQualProductIds-PolioVaccineInactivatedIProduct81ee9ba77c4419bbfe44a27cfd10027e">PolioVaccineInactivatedIProduct81ee9ba77c4419bbfe44a27cfd10027e</a></td><td>01/10/2018Polio Vaccine - Inactivated (IPV)ShanIPV™Vial5Sanofi Healthcare India Private LimitedCentral Drugs Standard Control Organization</td><td/></tr><tr><td><a href="http://smart.who.int/pcmt-vaxprequal/v0.2.0/CodeSystem-PreQualProductIds.html#PreQualProductIds-PolioVaccineInactivatedIProduct8b13b5fcf5e9268b345775be7c3f077c">PolioVaccineInactivatedIProduct8b13b5fcf5e9268b345775be7c3f077c</a></td><td>22/04/2022Polio Vaccine - Inactivated (IPV)ShanIPV™Vial10Sanofi Healthcare India Private LimitedCentral Drugs Standard Control Organization</td><td/></tr></table></li></ul></div></text><url value="http://smart.who.int/icvp/ValueSet/ICVPProductIds"/><version value="0.2.0"/><name value="ICVPProductIds"/><title value="WHO ICVP Vaccine Product Ids"/><status value="active"/><experimental value="true"/><date value="2025-10-17T06:55:09+00:00"/><publisher value="WHO"/><contact><name value="WHO"/><telecom><system value="url"/><value value="http://who.int"/></telecom></contact><description value="WHO ICVP Vaccine Product Ids"/><compose><include><system value="http://smart.who.int/pcmt-vaxprequal/CodeSystem/PreQualProductIds"/><concept><code value="YellowFeverProductd2c75a15ed309658b3968519ddb31690"/><display value="26/03/2009Yellow Fevern/aAmpoule2Federal State Autonomous Scientific Institution «Chumakov Federal Scientific Center for Research &amp; Development of Immune-And Biological Products», Russian Academy of SciencesFederal Service on Surveillance in Healthcare (ROSZDRAVNADZOR) of the Russian Federation"/></concept><concept><code value="YellowFeverProduct771d1a5c0acaee3e2dc9d56af1aba49d"/><display value="26/03/2009Yellow Fevern/aAmpoule5Federal State Autonomous Scientific Institution «Chumakov Federal Scientific Center for Research &amp; Development of Immune-And Biological Products», Russian Academy of SciencesFederal Service on Surveillance in Healthcare (ROSZDRAVNADZOR) of the Russian Federation"/></concept><concept><code value="YellowFeverProducte929626497bdbb71adbe925f0c09c79f"/><display value="26/03/2009Yellow Fevern/aAmpoule10Federal State Autonomous Scientific Institution «Chumakov Federal Scientific Center for Research &amp; Development of Immune-And Biological Products», Russian Academy of SciencesFederal Service on Surveillance in Healthcare (ROSZDRAVNADZOR) of the Russian Federation"/></concept><concept><code value="YellowFeverProduct01a3b83cf13e87948437db11cf5c34eb"/><display value="14/10/2022Yellow FeverSinSaVac™Vial10Federal State Autonomous Scientific Institution «Chumakov Federal Scientific Center for Research &amp; Development of Immune-And Biological Products», Russian Academy of SciencesFederal Service on Surveillance in Healthcare (ROSZDRAVNADZOR) of the Russian Federation"/></concept><concept><code value="YellowFeverProductf82b015dfb3b1feeacd4c44d95b3b3ec"/><display value="20/03/2001Yellow FeverStabilized Yellow Fever VaccineAmpoule5Institut Pasteur de DakarMinistère de la Santé publique"/></concept><concept><code value="YellowFeverProduct223330a7c15da86b21cc363f591de002"/><display value="20/03/2001Yellow FeverStabilized Yellow Fever VaccineAmpoule10Institut Pasteur de DakarMinistère de la Santé publique"/></concept><concept><code value="YellowFeverProductffea8448252ee58b7a92add05f0c3431"/><display value="20/03/2001Yellow FeverStabilized Yellow Fever VaccineAmpoule20Institut Pasteur de DakarMinistère de la Santé publique"/></concept><concept><code value="YellowFeverProductd8a09f80301dc05e124f99ffe7711fc0"/><display value="01/01/1987Yellow FeverSTAMARILVial + Ampoule10Sanofi PasteurAgence nationale de sécurité du médicament et des produits de santé"/></concept><concept><code value="YellowFeverProductab01f006f8b24113f4a28cb50bfe6d9d"/><display value="17/10/2001Yellow FeverYellow FeverTwo vial set (active + excipient)5Bio-Manguinhos/FiocruzAgencia Nacional da Vigilancia Sanitaria"/></concept><concept><code value="YellowFeverProduct5f0639d8e4d52afef089aa7148c5060c"/><display value="10/12/2007Yellow FeverYellow FeverTwo vial set (active + excipient)10Bio-Manguinhos/FiocruzAgencia Nacional da Vigilancia Sanitaria"/></concept><concept><code value="YellowFeverProducte0534dbc71a6cc09f56dce25216c538c"/><display value="17/10/2001Yellow FeverYellow FeverTwo vial set (active + excipient)50Bio-Manguinhos/FiocruzAgencia Nacional da Vigilancia Sanitaria"/></concept><concept><code value="PolioVaccineOralOPVTrivaProductfa4849f7532d522134f4102063af1617"/><display value="20/03/2015Polio Vaccine - Oral (OPV) TrivalentBIOPOLIOVial10Bharat Biotech International LimitedCentral Drugs Standard Control Organization"/></concept><concept><code value="PolioVaccineOralOPVTrivaProduct4df3a93ab495d85b3583d0cd1ae3d83e"/><display value="20/03/2015Polio Vaccine - Oral (OPV) TrivalentBIOPOLIOVial20Bharat Biotech International LimitedCentral Drugs Standard Control Organization"/></concept><concept><code value="PolioVaccineOralOPVBivalProduct16e883911ea0108b8213bc213c9972fe"/><display value="25/08/2017Polio Vaccine - Oral (OPV) Bivalent Types 1 and 3BIOPOLIO B1/3Vial10Bharat Biotech International LimitedCentral Drugs Standard Control Organization"/></concept><concept><code value="PolioVaccineOralOPVBivalProduct0e59118bc5938520115bac65a45be04d"/><display value="20/03/2015Polio Vaccine - Oral (OPV) Bivalent Types 1 and 3BIOPOLIO B1/3Vial20Bharat Biotech International LimitedCentral Drugs Standard Control Organization"/></concept><concept><code value="PolioVaccineOralOPVBivalProductb62fbc87532804be42afa8d9050ef452"/><display value="16/11/2021Polio Vaccine - Oral (OPV) Bivalent Types 1 and 3Bivalent OPV Type 1 and 3 Poliomyelitis Vaccine, Live (Oral)Vial10Panacea Biotec Ltd.Central Drugs Standard Control Organization"/></concept><concept><code value="PolioVaccineOralOPVBivalProduct02c099d69cd245e7fcd3280a96f1dccb"/><display value="07/12/2018Polio Vaccine - Oral (OPV) Bivalent Types 1 and 3Bivalent OPV Type 1 and 3 Poliomyelitis Vaccine, Live (Oral)Vial20Panacea Biotec Ltd.Central Drugs Standard Control Organization"/></concept><concept><code value="PolioVaccineOralOPVBivalProductdecf3a77facc0b8f1443db5f7a806857"/><display value="05/11/2015Polio Vaccine - Oral (OPV) Bivalent Types 1 and 3Bivalent Oral Poliomyelitis Vaccine Type 1&amp;3 (bOPV 1&amp;3)Vial10PT Bio Farma (Persero)National Agency of Drug and Food Control Indonesia"/></concept><concept><code value="PolioVaccineOralOPVBivalProduct10aa94cef126e62542c2c45dc3604c0b"/><display value="26/05/2010Polio Vaccine - Oral (OPV) Bivalent Types 1 and 3Bivalent Oral Poliomyelitis Vaccine Type 1&amp;3 (bOPV 1&amp;3)Vial20PT Bio Farma (Persero)National Agency of Drug and Food Control Indonesia"/></concept><concept><code value="PolioVaccineOralOPVBivalProduct26e6c50dfb385f223a12238dc6e202dd"/><display value="19/03/2010Polio Vaccine - Oral (OPV) Bivalent Types 1 and 3Bivalent type 1&amp;3 Oral Poliomyelitis vaccine, IP (bOPV1&amp;3)Vial20Haffkine Bio Pharmaceutical Corporation LtdCentral Drugs Standard Control Organization"/></concept><concept><code value="PolioVaccineInactivatedSProduct0854d534a200bbeffa8be0f57dad584a"/><display value="01/06/2021Polio Vaccine - Inactivated Sabin (sIPV)Eupolio Inj.Vial1LG Chem LtdMinistry of Food and Drug Safety"/></concept><concept><code value="PolioVaccineInactivatedSProduct031f63df3184acdf0cb82f90f316b6c3"/><display value="21/12/2020Polio Vaccine - Inactivated Sabin (sIPV)Eupolio Inj.Vial5LG Chem LtdMinistry of Food and Drug Safety"/></concept><concept><code value="DiphtheriaTetanusPertussProductf4177b409d09d83e48630717437c5aea"/><display value="21/03/2024Diphtheria-Tetanus-Pertussis (whole cell)-Hepatitis B-Haemophilus influenzae type b-Polio (Inactivated)HEXASIILVial1Serum Institute of India Pvt. Ltd.Central Drugs Standard Control Organization"/></concept><concept><code value="DiphtheriaTetanusPertussProduct0e63b58e2976f385b77a9b5a356b68b5"/><display value="21/03/2024Diphtheria-Tetanus-Pertussis (whole cell)-Hepatitis B-Haemophilus influenzae type b-Polio (Inactivated)HEXASIILVial10Serum Institute of India Pvt. Ltd.Central Drugs Standard Control Organization"/></concept><concept><code value="DiphtheriaTetanusPertussProductd54558e2851d29311ee7f90975827dc7"/><display value="19/12/2014Diphtheria-Tetanus-Pertussis (acellular)-Hepatitis B-Haemophilus influenzae type b-Polio (Inactivated)HexaximVial1Sanofi PasteurEuropean Medicines Agency"/></concept><concept><code value="PolioVaccineInactivatedIProduct532ef986c8042bbb15fee24056fdc4ed"/><display value="09/12/2005Polio Vaccine - Inactivated (IPV)IMOVAX POLIOVial10Sanofi PasteurAgence nationale de sécurité du médicament et des produits de santé"/></concept><concept><code value="PolioVaccineInactivatedIProduct087ff26057e89c006517428347dfbc3c"/><display value="23/12/2010Polio Vaccine - Inactivated (IPV)IPV Vaccine AJVVial1AJ Vaccines A/SDanish Medicines Agency"/></concept><concept><code value="PolioVaccineOralOPVMonovProductcea74be2c728329aad7b9b33ae16a0b1"/><display value="03/11/2009Polio Vaccine - Oral (OPV) Monovalent Type 1Monovalent Oral Poliomyelitis Vaccine Type 1 (mOPV1)Vial20PT Bio Farma (Persero)National Agency of Drug and Food Control Indonesia"/></concept><concept><code value="PolioVaccineOralOPVMonovProductef716e2b9567223ce6c95b090480ecfe"/><display value="21/06/2019Polio Vaccine - Oral (OPV) Monovalent Type 2Monovalent Oral Poliomyelitis Vaccine Type 2Vial20PT Bio Farma (Persero)National Agency of Drug and Food Control Indonesia"/></concept><concept><code value="PolioVaccineOralOPVMonovProductae7e506ca48a3aa605b188cd11eaceab"/><display value="03/11/2009Polio Vaccine - Oral (OPV) Monovalent Type 1Monovalent type 1 Oral Poliomyelitis vaccine, IP (mOPV1)Vial20Haffkine Bio Pharmaceutical Corporation LtdCentral Drugs Standard Control Organization"/></concept><concept><code value="PolioVaccineOralOPVMonovProductf6d840e9cf722a80b38d0be001f47caf"/><display value="14/01/2016Polio Vaccine - Oral (OPV) Monovalent Type 2ORAL MONOVALENT TYPE 2 POLIOMYELITIS VACCINE (mOPV2)Vial20Sanofi PasteurAgence nationale de sécurité du médicament et des produits de santé"/></concept><concept><code value="PolioVaccineOralOPVTrivaProducte0bcdc085107751b3df34ad04620ac21"/><display value="31/08/2020Polio Vaccine - Oral (OPV) TrivalentOral Poliomyelitis Vaccines (Oral Drops)Vial20PT Bio Farma (Persero)National Agency of Drug and Food Control Indonesia"/></concept><concept><code value="PolioVaccineInactivatedIProduct096d9e8c31e30cc1148311ee66359a50"/><display value="21/04/2020Polio Vaccine - Inactivated (IPV)PicovaxVial5AJ Vaccines A/SDanish Medicines Agency"/></concept><concept><code value="PolioVaccineOralOPVMonovProduct7d442364610244382098e1c4a3ba54c3"/><display value="29/10/2009Polio Vaccine - Oral (OPV) Monovalent Type 1Polio Sabin Mono T1Vial10GlaxoSmithKline Biologicals SAFederal Agency for Medicines and Health Products"/></concept><concept><code value="PolioVaccineOralOPVMonovProduct4580ab03228ed6c70bb6c117b408f7e5"/><display value="29/10/2009Polio Vaccine - Oral (OPV) Monovalent Type 1Polio Sabin Mono T1Vial20GlaxoSmithKline Biologicals SAFederal Agency for Medicines and Health Products"/></concept><concept><code value="PolioVaccineOralOPVMonovProduct7a252b223173567f21721ee15a36f057"/><display value="05/10/2010Polio Vaccine - Oral (OPV) Monovalent Type 3Polio Sabin Mono Three (oral)Vial10GlaxoSmithKline Biologicals SAFederal Agency for Medicines and Health Products"/></concept><concept><code value="PolioVaccineOralOPVMonovProductf22fcdfa611173d0afbce56d49867530"/><display value="05/10/2010Polio Vaccine - Oral (OPV) Monovalent Type 3Polio Sabin Mono Three (oral)Vial20GlaxoSmithKline Biologicals SAFederal Agency for Medicines and Health Products"/></concept><concept><code value="PolioVaccineOralOPVMonovProduct1b2bdb769d38e0b45eb60707ff9a36cb"/><display value="11/05/2011Polio Vaccine - Oral (OPV) Monovalent Type 2Polio Sabin Mono Two (oral)Vial10GlaxoSmithKline Biologicals SAFederal Agency for Medicines and Health Products"/></concept><concept><code value="PolioVaccineOralOPVMonovProductb4755cab194f57a5fecc8d890856bbdf"/><display value="11/05/2011Polio Vaccine - Oral (OPV) Monovalent Type 2Polio Sabin Mono Two (oral)Vial20GlaxoSmithKline Biologicals SAFederal Agency for Medicines and Health Products"/></concept><concept><code value="PolioVaccineOralOPVBivalProduct14c88c2e9b35698b4726903940c58037"/><display value="29/10/2009Polio Vaccine - Oral (OPV) Bivalent Types 1 and 3Polio Sabin One and ThreeVial10GlaxoSmithKline Biologicals SAFederal Agency for Medicines and Health Products"/></concept><concept><code value="PolioVaccineOralOPVBivalProduct2d10261076734e48cd7b289de6ea802e"/><display value="29/10/2009Polio Vaccine - Oral (OPV) Bivalent Types 1 and 3Polio Sabin One and ThreeVial20GlaxoSmithKline Biologicals SAFederal Agency for Medicines and Health Products"/></concept><concept><code value="PolioVaccineInactivatedIProductc726fd7210023aa5738617a79cae2b40"/><display value="06/12/2010Polio Vaccine - Inactivated (IPV)Poliomyelitis vaccineVial1Bilthoven Biologicals B.V.Medicines Evaluation Board (MEB)"/></concept><concept><code value="PolioVaccineNovelOralnOPProduct65b137f0201901bc43fc8759e4f35f35"/><display value="29/07/2024Polio Vaccine - Novel Oral (nOPV) Type 2Poliomyelitis Vaccine - Novel Oral (nOPV) Type 2Vial20Biological E. LimitedCentral Drugs Standard Control Organization"/></concept><concept><code value="PolioVaccineNovelOralnOPProduct278e9af5dc50904dd144a7ceb4d42dd7"/><display value="27/12/2023Polio Vaccine - Novel Oral (nOPV) Type 2Polio Vaccine - Novel Oral (nOPV) Type 2Vial50PT Bio Farma (Persero)National Agency of Drug and Food Control Indonesia"/></concept><concept><code value="PolioVaccineNovelOralnOPProductab7589153ddbc7968e1749119c5b1678"/><display value="29/07/2024Polio Vaccine - Novel Oral (nOPV) Type 2Poliomyelitis Vaccine - Novel Oral (nOPV) Type 2Vial50Biological E. LimitedCentral Drugs Standard Control Organization"/></concept><concept><code value="PolioVaccineInactivatedIProduct1d63ab46cee67d02439c47ed91439667"/><display value="28/10/2016Polio Vaccine - Inactivated (IPV)Poliomyelitis Vaccine (Inactivated)Vial1Serum Institute of India Pvt. Ltd.Central Drugs Standard Control Organization"/></concept><concept><code value="PolioVaccineInactivatedIProduct13e82343f8e192fe6e3fbfbf2a47ffd7"/><display value="28/10/2016Polio Vaccine - Inactivated (IPV)Poliomyelitis Vaccine (Inactivated)Vial2Serum Institute of India Pvt. Ltd.Central Drugs Standard Control Organization"/></concept><concept><code value="PolioVaccineInactivatedIProductf8085a2bd9a1c84fba1adee2ec6f6fb1"/><display value="28/10/2016Polio Vaccine - Inactivated (IPV)Poliomyelitis Vaccine (Inactivated)Vial5Serum Institute of India Pvt. Ltd.Central Drugs Standard Control Organization"/></concept><concept><code value="PolioVaccineInactivatedIProductfea93261bf2f096ea48aed825522dc2d"/><display value="11/07/2019Polio Vaccine - Inactivated (IPV)Poliomyelitis Vaccine (Inactivated)Vial10Serum Institute of India Pvt. Ltd.Central Drugs Standard Control Organization"/></concept><concept><code value="PolioVaccineOralOPVBivalProductdcbfa0a541c65032a917c39fa762c2f9"/><display value="21/12/2017Polio Vaccine - Oral (OPV) Bivalent Types 1 and 3Poliomyelitis Vaccine (live, oral attenuated, human Diploid Cell), type 1 and 3Vial20Beijing Institute of Biological Products Co., Ltd.National Medical Products Administration"/></concept><concept><code value="PolioVaccineOralOPVBivalProduct06bf2d06adcc6d9e2bea8ac21846bb09"/><display value="22/10/2014Polio Vaccine - Oral (OPV) Bivalent Types 1 and 3Poliomyelitis Vaccine (Oral), Bivalent types 1 and 3Vial10Serum Institute of India Pvt. Ltd.Central Drugs Standard Control Organization"/></concept><concept><code value="PolioVaccineOralOPVBivalProducta5416e91021f0c00915e4688ff508717"/><display value="04/02/2013Polio Vaccine - Oral (OPV) Bivalent Types 1 and 3Poliomyelitis Vaccine (Oral), Bivalent types 1 and 3Vial20Serum Institute of India Pvt. Ltd.Central Drugs Standard Control Organization"/></concept><concept><code value="PolioVaccineInactivatedSProduct2050ea67709cfcde28a01f0546276e96"/><display value="06/06/2022Polio Vaccine - Inactivated Sabin (sIPV)Poliomyelitis Vaccine (Vero Cell), Inactivated, Sabin StrainsVial1Sinovac Biotech Co. LtdNational Medical Products Administration"/></concept><concept><code value="PolioVaccineInactivatedSProduct25383b1f589d42af3719c7074f982c9b"/><display value="15/02/2022Polio Vaccine - Inactivated Sabin (sIPV)Poliomyelitis Vaccine (Vero Cell), Inactivated, Sabin StrainsVial1Beijing Institute of Biological Products Co., Ltd.National Medical Products Administration"/></concept><concept><code value="PolioVaccineInactivatedSProductd554f4c3848920ca8bcd00d44afd18a4"/><display value="29/08/2024Polio Vaccine - Inactivated Sabin (sIPV)Poliomyelitis Vaccine (Vero Cell), Inactivated, Sabin StrainsVial5Sinovac Biotech Co. LtdNational Medical Products Administration"/></concept><concept><code value="PolioVaccineInactivatedIProduct3cde3a30cacdc23b9ec3bdf4ba9d23ff"/><display value="28/11/2014Polio Vaccine - Inactivated (IPV)Poliomyelitis vaccine multidoseVial5Bilthoven Biologicals B.V.Medicines Evaluation Board (MEB)"/></concept><concept><code value="PolioVaccineInactivatedIProduct4562bbd80c6e57dbe29b122817623854"/><display value="29/02/2024Polio Vaccine - Inactivated (IPV)Poliomyelitis vaccine multidoseVial10Bilthoven Biologicals B.V.Medicines Evaluation Board (MEB)"/></concept><concept><code value="PolioVaccineOralOPVTrivaProductbd7faeaf3f0e633420fba396895d6cc9"/><display value="02/02/2006Polio Vaccine - Oral (OPV) TrivalentPolioviral vaccineVial20Haffkine Bio Pharmaceutical Corporation LtdCentral Drugs Standard Control Organization"/></concept><concept><code value="PolioVaccineInactivatedIProduct81ee9ba77c4419bbfe44a27cfd10027e"/><display value="01/10/2018Polio Vaccine - Inactivated (IPV)ShanIPV™Vial5Sanofi Healthcare India Private LimitedCentral Drugs Standard Control Organization"/></concept><concept><code value="PolioVaccineInactivatedIProduct8b13b5fcf5e9268b345775be7c3f077c"/><display value="22/04/2022Polio Vaccine - Inactivated (IPV)ShanIPV™Vial10Sanofi Healthcare India Private LimitedCentral Drugs Standard Control Organization"/></concept></include></compose></ValueSet>