"Id","Path","Slice Name","Alias(s)","Label","Min","Max","Must Support?","Is Modifier?","Is Summary?","Type(s)","Short","Definition","Comments","Requirements","Default Value","Meaning When Missing","Fixed Value","Pattern","Example","Minimum Value","Maximum Value","Maximum Length","Binding Strength","Binding Description","Binding Value Set","Code","Slicing Discriminator","Slicing Description","Slicing Ordered","Slicing Rules","Base Path","Base Min","Base Max","Condition(s)","Constraint(s)"
"VaccineDetails","VaccineDetails","","","",0,*,"","","","null {[]} {[]}
","DVC - Vaccine Details","Vaccine Data elements for the Digital Vaccination Certificates","","","","","","","","","",,,,,"",,,,"Base",0,*,"","must-have-issuer-or-clinician:Either issuer or clinicianName must be present {issuer.exists() or clinicianName.exists()}
"
"VaccineDetails.vaccineProduct","VaccineDetails.vaccineProduct","","","",1,1,"","","","Identifier {[]} {[]}
","Vaccine Product","Vaccine product information (note: use InventoryItem in FHIR R6)","","","","","","","","","",,,,,"",,,,"VaccineDetails.vaccineProduct",1,1,"",""
"VaccineDetails.date","VaccineDetails.date","","","",1,1,"","","","date {[]} {[]}
","Date","Date of vaccine","","","","","","","","","",,,,,"",,,,"VaccineDetails.date",1,1,"",""
"VaccineDetails.issuer","VaccineDetails.issuer","","","",0,1,"","","","Reference {[]} {[CanonicalType[http://hl7.org/fhir/StructureDefinition/Organization]]}
","Issuing Organization","Relevant authoring reponsible for issuing the certificate, or for overseeing the administration center","","","","","","","","","",,,,,"",,,,"VaccineDetails.issuer",0,1,"",""
"VaccineDetails.clinicianName","VaccineDetails.clinicianName","","","",0,1,"","","","string {[]} {[]}
","Name of supervising clinician","Name of supervising clinician, or relevant authority responsible for issuing this certificate, or for overseeing the administering centre","","","","","","","","","",,,,,"",,,,"VaccineDetails.clinicianName",0,1,"",""
"VaccineDetails.batchNo","VaccineDetails.batchNo","","","",1,1,"","","","CodeableConcept {[]} {[]}
","Batch No","Batch No","","","","","","","","","",,,,,"",,,,"VaccineDetails.batchNo",1,1,"",""
"VaccineDetails.validityPeriod","VaccineDetails.validityPeriod","","","",0,1,"","","","Period {[]} {[]}
","Certificate validity period","Certificate validity period","","","","","","","","","",,,,,"",,,,"VaccineDetails.validityPeriod",0,1,"",""
