"Id","Path","Slice Name","Alias(s)","Label","Min","Max","Must Support?","Is Modifier?","Is Summary?","Type(s)","Short","Definition","Comments","Requirements","Default Value","Meaning When Missing","Fixed Value","Pattern","Example","Minimum Value","Maximum Value","Maximum Length","Binding Strength","Binding Description","Binding Value Set","Code","Slicing Discriminator","Slicing Description","Slicing Ordered","Slicing Rules","Base Path","Base Min","Base Max","Condition(s)","Constraint(s)"
"ICVPMinVaccineDetails","ICVPMinVaccineDetails","","","",0,*,"","","","null {[]} {[]}
","ICVP HCERT Payload","Mininmial vaccine detail in DVC payload for use within an HCERT Payload using the ICVP Product Catalogue","","","","","","","","","",,,,,"",,,,"Base",0,*,"","must-have-issuer-or-clinician-name:Either issuer or clinicianName must be present {is.exists() or cn.exists()}
"
"ICVPMinVaccineDetails.vp","ICVPMinVaccineDetails.vp","","","",1,1,"","","","string {[]} {[]}
","ICVP Product Catalog ID","ICVP Product Catalog ID","","","","","","","","","",,"required","","http://smart.who.int/icvp/ValueSet/ICVPProductIds|0.2.0","",,,,"DVCMinVaccineDetails.vp",1,1,"",""
"ICVPMinVaccineDetails.dt","ICVPMinVaccineDetails.dt","","","",1,1,"","","","date {[]} {[]}
","Date of vaccination, YYYY-MM-DD format","Date of vaccination, YYYY-MM-DD format","","","","","","","","","",,,,,"",,,,"DVCMinVaccineDetails.dt",1,1,"",""
"ICVPMinVaccineDetails.cn","ICVPMinVaccineDetails.cn","","","",0,1,"","","","string {[]} {[]}
","Name of supervising clinician","Name of supervising clinician","","","","","","","","","",,,,,"",,,,"DVCMinVaccineDetails.cn",0,1,"",""
"ICVPMinVaccineDetails.is","ICVPMinVaccineDetails.is","","","",0,1,"","","","id {[]} {[]}
","Certificate issuer id (referenced organization)","Certificate issuer id (referenced organization)","","","","","","","","","",,,,,"",,,,"DVCMinVaccineDetails.is",0,1,"",""
"ICVPMinVaccineDetails.bo","ICVPMinVaccineDetails.bo","","","",1,1,"","","","string {[]} {[]}
","Batch No","Batch No","","","","","","","","","",,,,,"",,,,"DVCMinVaccineDetails.bo",1,1,"",""
"ICVPMinVaccineDetails.vls","ICVPMinVaccineDetails.vls","","","",0,1,"","","","date {[]} {[]}
","Certificate Validity periods start date","Certificate Validity periods start date","","","","","","","","","",,,,,"",,,,"DVCMinVaccineDetails.vls",0,1,"",""
"ICVPMinVaccineDetails.vle","ICVPMinVaccineDetails.vle","","","",0,1,"","","","date {[]} {[]}
","Certificate Validity periods end date","Certificate Validity periods end date","","","","","","","","","",,,,,"",,,,"DVCMinVaccineDetails.vle",0,1,"",""
