{
  "resourceType" : "ConceptMap",
  "id" : "ICVPProductIdToVaccineType",
  "text" : {
    "status" : "generated",
    "div" : "<div xmlns=\"http://www.w3.org/1999/xhtml\"><p class=\"res-header-id\"><b>Generated Narrative: ConceptMap ICVPProductIdToVaccineType</b></p><a name=\"ICVPProductIdToVaccineType\"> </a><a name=\"hcICVPProductIdToVaccineType\"> </a><p>Mapping from <a href=\"ValueSet-ICVPProductIds.html\">WHO ICVP Vaccine Product Ids</a> to <a href=\"ValueSet-ICVPVaccineType.html\">Vaccine Types for use in the ICVP</a></p><br/><p><b>Group 1 </b>Mapping from <a href=\"http://smart.who.int/pcmt-vaxprequal/v0.2.0/CodeSystem-PreQualProductIds.html\">WHO PreQualificaiton Vaccine Product Ids</a> to <a href=\"http://smart.who.int/pcmt-vaxprequal/v0.2.0/CodeSystem-PreQualVaccineType.html\">WHO PreQualificaiton Vaccine VaccineTypes</a></p><table class=\"grid\"><tr><td><b>Source Code</b></td><td><b>Relationship</b></td><td><b>Target Code</b></td></tr><tr><td>YellowFeverProductd2c75a15ed309658b3968519ddb31690 (Yellow Fever - 2 dose - Federal State Autonomous Scientific Institution «Chumakov Federal Scientific Center for Research &amp; Development of Immune-And Biological Products»)</td><td><a href=\"http://hl7.org/fhir/R5/codesystem-concept-map-relationship.html#equivalent\" title=\"equivalent\">is equivalent to</a></td><td>YellowFever</td></tr><tr><td>YellowFeverProduct771d1a5c0acaee3e2dc9d56af1aba49d (Yellow Fever - 5 dose - Federal State Autonomous Scientific Institution «Chumakov Federal Scientific Center for Research &amp; Development of Immune-And Biological Products»)</td><td><a href=\"http://hl7.org/fhir/R5/codesystem-concept-map-relationship.html#equivalent\" title=\"equivalent\">is equivalent to</a></td><td>YellowFever</td></tr><tr><td>YellowFeverProducte929626497bdbb71adbe925f0c09c79f (Yellow Fever - 10 dose - Federal State Autonomous Scientific Institution «Chumakov Federal Scientific Center for Research &amp; Development of Immune-And Biological Products»)</td><td><a href=\"http://hl7.org/fhir/R5/codesystem-concept-map-relationship.html#equivalent\" title=\"equivalent\">is equivalent to</a></td><td>YellowFever</td></tr><tr><td>YellowFeverProduct01a3b83cf13e87948437db11cf5c34eb (SinSaVac™ - 10 dose)</td><td><a href=\"http://hl7.org/fhir/R5/codesystem-concept-map-relationship.html#equivalent\" title=\"equivalent\">is equivalent to</a></td><td>YellowFever</td></tr><tr><td>YellowFeverProductf82b015dfb3b1feeacd4c44d95b3b3ec (Stabilized Yellow Fever Vaccine - 5 dose - Institut Pasteur de Dakar)</td><td><a href=\"http://hl7.org/fhir/R5/codesystem-concept-map-relationship.html#equivalent\" title=\"equivalent\">is equivalent to</a></td><td>YellowFever</td></tr><tr><td>YellowFeverProduct223330a7c15da86b21cc363f591de002 (Stabilized Yellow Fever Vaccine - 10 dose - Institut Pasteur de Dakar)</td><td><a href=\"http://hl7.org/fhir/R5/codesystem-concept-map-relationship.html#equivalent\" title=\"equivalent\">is equivalent to</a></td><td>YellowFever</td></tr><tr><td>YellowFeverProductffea8448252ee58b7a92add05f0c3431 (Stabilized Yellow Fever Vaccine - 20 dose - Institut Pasteur de Dakar)</td><td><a href=\"http://hl7.org/fhir/R5/codesystem-concept-map-relationship.html#equivalent\" title=\"equivalent\">is equivalent to</a></td><td>YellowFever</td></tr><tr><td>YellowFeverProductd8a09f80301dc05e124f99ffe7711fc0 (STAMARIL - 10 dose - Sanofi Pasteur)</td><td><a href=\"http://hl7.org/fhir/R5/codesystem-concept-map-relationship.html#equivalent\" title=\"equivalent\">is equivalent to</a></td><td>YellowFever</td></tr><tr><td>YellowFeverProductab01f006f8b24113f4a28cb50bfe6d9d (Yellow Fever - 5 dose - Bio-Manguinhos/Fiocruz)</td><td><a href=\"http://hl7.org/fhir/R5/codesystem-concept-map-relationship.html#equivalent\" title=\"equivalent\">is equivalent to</a></td><td>YellowFever</td></tr><tr><td>YellowFeverProduct5f0639d8e4d52afef089aa7148c5060c (Yellow Fever - 10 dose - Bio-Manguinhos/Fiocruz)</td><td><a href=\"http://hl7.org/fhir/R5/codesystem-concept-map-relationship.html#equivalent\" title=\"equivalent\">is equivalent to</a></td><td>YellowFever</td></tr><tr><td>YellowFeverProducte0534dbc71a6cc09f56dce25216c538c (Yellow Fever - 50 dose - Bio-Manguinhos/Fiocruz)</td><td><a href=\"http://hl7.org/fhir/R5/codesystem-concept-map-relationship.html#equivalent\" title=\"equivalent\">is equivalent to</a></td><td>YellowFever</td></tr><tr><td>PolioVaccineOralOPVTrivaProductfa4849f7532d522134f4102063af1617 (BIOPOLIO - Trivalent OPV - 10 dose - Bharat Biotech)</td><td><a href=\"http://hl7.org/fhir/R5/codesystem-concept-map-relationship.html#equivalent\" title=\"equivalent\">is equivalent to</a></td><td>PolioVaccineOralOPVTrivalent (Polio Vaccine - Oral (OPV) Trivalent)</td></tr><tr><td>PolioVaccineOralOPVTrivaProduct4df3a93ab495d85b3583d0cd1ae3d83e (BIOPOLIO - Trivalent OPV - 20 dose - Bharat Biotech)</td><td><a href=\"http://hl7.org/fhir/R5/codesystem-concept-map-relationship.html#equivalent\" title=\"equivalent\">is equivalent to</a></td><td>PolioVaccineOralOPVTrivalent (Polio Vaccine - Oral (OPV) Trivalent)</td></tr><tr><td>PolioVaccineOralOPVTrivaProducte0bcdc085107751b3df34ad04620ac21 (Oral Poliomyelitis Vaccines - Trivalent - 20 dose - PT Bio Farma)</td><td><a href=\"http://hl7.org/fhir/R5/codesystem-concept-map-relationship.html#equivalent\" title=\"equivalent\">is equivalent to</a></td><td>PolioVaccineOralOPVTrivalent (Polio Vaccine - Oral (OPV) Trivalent)</td></tr><tr><td>PolioVaccineOralOPVTrivaProductbd7faeaf3f0e633420fba396895d6cc9 (Polioviral vaccine - Trivalent - 20 dose - Haffkine Bio)</td><td><a href=\"http://hl7.org/fhir/R5/codesystem-concept-map-relationship.html#equivalent\" title=\"equivalent\">is equivalent to</a></td><td>PolioVaccineOralOPVTrivalent (Polio Vaccine - Oral (OPV) Trivalent)</td></tr><tr><td>PolioVaccineOralOPVBivalProduct16e883911ea0108b8213bc213c9972fe (BIOPOLIO B1/3 - Bivalent OPV - 10 dose - Bharat Biotech)</td><td><a href=\"http://hl7.org/fhir/R5/codesystem-concept-map-relationship.html#equivalent\" title=\"equivalent\">is equivalent to</a></td><td>PolioVaccineOralOPVBivalentTypes1and3 (Polio Vaccine - Oral (OPV) Bivalent Types 1 and 3)</td></tr><tr><td>PolioVaccineOralOPVBivalProduct0e59118bc5938520115bac65a45be04d (BIOPOLIO B1/3 - Bivalent OPV - 20 dose - Bharat Biotech)</td><td><a href=\"http://hl7.org/fhir/R5/codesystem-concept-map-relationship.html#equivalent\" title=\"equivalent\">is equivalent to</a></td><td>PolioVaccineOralOPVBivalentTypes1and3 (Polio Vaccine - Oral (OPV) Bivalent Types 1 and 3)</td></tr><tr><td>PolioVaccineInactivatedIProduct532ef986c8042bbb15fee24056fdc4ed (IMOVAX POLIO - IPV - 10 dose - Sanofi Pasteur)</td><td><a href=\"http://hl7.org/fhir/R5/codesystem-concept-map-relationship.html#equivalent\" title=\"equivalent\">is equivalent to</a></td><td>PolioVaccineInactivatedIPV (Polio Vaccine - Inactivated (IPV))</td></tr><tr><td>PolioVaccineInactivatedIProduct087ff26057e89c006517428347dfbc3c (IPV Vaccine AJV - 1 dose - AJ Vaccines)</td><td><a href=\"http://hl7.org/fhir/R5/codesystem-concept-map-relationship.html#equivalent\" title=\"equivalent\">is equivalent to</a></td><td>PolioVaccineInactivatedIPV (Polio Vaccine - Inactivated (IPV))</td></tr><tr><td>PolioVaccineInactivatedSProduct0854d534a200bbeffa8be0f57dad584a (Eupolio Inj. - sIPV - 1 dose - LG Chem)</td><td><a href=\"http://hl7.org/fhir/R5/codesystem-concept-map-relationship.html#equivalent\" title=\"equivalent\">is equivalent to</a></td><td>PolioVaccineInactivatedSabinsIPV (Polio Vaccine - Inactivated Sabin (sIPV))</td></tr><tr><td>PolioVaccineInactivatedSProduct031f63df3184acdf0cb82f90f316b6c3 (Eupolio Inj. - sIPV - 5 dose - LG Chem)</td><td><a href=\"http://hl7.org/fhir/R5/codesystem-concept-map-relationship.html#equivalent\" title=\"equivalent\">is equivalent to</a></td><td>PolioVaccineInactivatedSabinsIPV (Polio Vaccine - Inactivated Sabin (sIPV))</td></tr><tr><td>DiphtheriaTetanusPertussProductf4177b409d09d83e48630717437c5aea (HEXASIIL - DTP-HepB-Hib-IPV - 1 dose - Serum Institute)</td><td><a href=\"http://hl7.org/fhir/R5/codesystem-concept-map-relationship.html#equivalent\" title=\"equivalent\">is equivalent to</a></td><td>DiphtheriaTetanusPertussiswholecellHepatitisBHaemophilusinfluenzaetypebPolioInactivated (Diphtheria-Tetanus-Pertussis (whole cell)-Hepatitis B-Haemophilus influenzae type b-Polio (Inactivated))</td></tr><tr><td>DiphtheriaTetanusPertussProductd54558e2851d29311ee7f90975827dc7 (Hexaxim - DTPa-HepB-Hib-IPV - 1 dose - Sanofi Pasteur)</td><td><a href=\"http://hl7.org/fhir/R5/codesystem-concept-map-relationship.html#equivalent\" title=\"equivalent\">is equivalent to</a></td><td>DiphtheriaTetanusPertussisacellularHepatitisBHaemophilusinfluenzaetypebPolioInactivated (Diphtheria-Tetanus-Pertussis (acellular)-Hepatitis B-Haemophilus influenzae type b-Polio (Inactivated))</td></tr><tr><td>PolioVaccineNovelOralnOPProduct65b137f0201901bc43fc8759e4f35f35 (Poliomyelitis Vaccine - nOPV Type 2 - 20 dose - Biological E.)</td><td><a href=\"http://hl7.org/fhir/R5/codesystem-concept-map-relationship.html#equivalent\" title=\"equivalent\">is equivalent to</a></td><td>PolioVaccineNovelOralnOPVType2 (Polio Vaccine - Novel Oral (nOPV) Type 2)</td></tr><tr><td>PolioVaccineNovelOralnOPProduct278e9af5dc50904dd144a7ceb4d42dd7 (Polio Vaccine - nOPV Type 2 - 50 dose - PT Bio Farma)</td><td><a href=\"http://hl7.org/fhir/R5/codesystem-concept-map-relationship.html#equivalent\" title=\"equivalent\">is equivalent to</a></td><td>PolioVaccineNovelOralnOPVType2 (Polio Vaccine - Novel Oral (nOPV) Type 2)</td></tr></table></div>"
  },
  "url" : "http://smart.who.int/icvp/ConceptMap/ICVPProductIdToVaccineType",
  "version" : "0.3.0",
  "name" : "ICVPProductIdToVaccineType",
  "title" : "ConceptMap from ICVP Product IDs to Vaccine Types",
  "status" : "active",
  "experimental" : false,
  "date" : "2025-10-30T19:21:20+00:00",
  "publisher" : "WHO",
  "contact" : [{
    "name" : "WHO",
    "telecom" : [{
      "system" : "url",
      "value" : "http://who.int"
    }]
  }],
  "description" : "Mapping from ICVP Product IDs to Vaccine Types",
  "sourceUri" : "http://smart.who.int/icvp/ValueSet/ICVPProductIds",
  "targetUri" : "http://smart.who.int/icvp/ValueSet/ICVPVaccineType",
  "group" : [{
    "source" : "http://smart.who.int/pcmt-vaxprequal/CodeSystem/PreQualProductIds",
    "target" : "http://smart.who.int/pcmt-vaxprequal/CodeSystem/PreQualVaccineType",
    "element" : [{
      "code" : "YellowFeverProductd2c75a15ed309658b3968519ddb31690",
      "display" : "Yellow Fever - 2 dose - Federal State Autonomous Scientific Institution «Chumakov Federal Scientific Center for Research & Development of Immune-And Biological Products»",
      "target" : [{
        "code" : "YellowFever",
        "display" : "Yellow Fever",
        "equivalence" : "equivalent"
      }]
    },
    {
      "code" : "YellowFeverProduct771d1a5c0acaee3e2dc9d56af1aba49d",
      "display" : "Yellow Fever - 5 dose - Federal State Autonomous Scientific Institution «Chumakov Federal Scientific Center for Research & Development of Immune-And Biological Products»",
      "target" : [{
        "code" : "YellowFever",
        "display" : "Yellow Fever",
        "equivalence" : "equivalent"
      }]
    },
    {
      "code" : "YellowFeverProducte929626497bdbb71adbe925f0c09c79f",
      "display" : "Yellow Fever - 10 dose - Federal State Autonomous Scientific Institution «Chumakov Federal Scientific Center for Research & Development of Immune-And Biological Products»",
      "target" : [{
        "code" : "YellowFever",
        "display" : "Yellow Fever",
        "equivalence" : "equivalent"
      }]
    },
    {
      "code" : "YellowFeverProduct01a3b83cf13e87948437db11cf5c34eb",
      "display" : "SinSaVac™ - 10 dose",
      "target" : [{
        "code" : "YellowFever",
        "display" : "Yellow Fever",
        "equivalence" : "equivalent"
      }]
    },
    {
      "code" : "YellowFeverProductf82b015dfb3b1feeacd4c44d95b3b3ec",
      "display" : "Stabilized Yellow Fever Vaccine - 5 dose - Institut Pasteur de Dakar",
      "target" : [{
        "code" : "YellowFever",
        "display" : "Yellow Fever",
        "equivalence" : "equivalent"
      }]
    },
    {
      "code" : "YellowFeverProduct223330a7c15da86b21cc363f591de002",
      "display" : "Stabilized Yellow Fever Vaccine - 10 dose - Institut Pasteur de Dakar",
      "target" : [{
        "code" : "YellowFever",
        "display" : "Yellow Fever",
        "equivalence" : "equivalent"
      }]
    },
    {
      "code" : "YellowFeverProductffea8448252ee58b7a92add05f0c3431",
      "display" : "Stabilized Yellow Fever Vaccine - 20 dose - Institut Pasteur de Dakar",
      "target" : [{
        "code" : "YellowFever",
        "display" : "Yellow Fever",
        "equivalence" : "equivalent"
      }]
    },
    {
      "code" : "YellowFeverProductd8a09f80301dc05e124f99ffe7711fc0",
      "display" : "STAMARIL - 10 dose - Sanofi Pasteur",
      "target" : [{
        "code" : "YellowFever",
        "display" : "Yellow Fever",
        "equivalence" : "equivalent"
      }]
    },
    {
      "code" : "YellowFeverProductab01f006f8b24113f4a28cb50bfe6d9d",
      "display" : "Yellow Fever - 5 dose - Bio-Manguinhos/Fiocruz",
      "target" : [{
        "code" : "YellowFever",
        "display" : "Yellow Fever",
        "equivalence" : "equivalent"
      }]
    },
    {
      "code" : "YellowFeverProduct5f0639d8e4d52afef089aa7148c5060c",
      "display" : "Yellow Fever - 10 dose - Bio-Manguinhos/Fiocruz",
      "target" : [{
        "code" : "YellowFever",
        "display" : "Yellow Fever",
        "equivalence" : "equivalent"
      }]
    },
    {
      "code" : "YellowFeverProducte0534dbc71a6cc09f56dce25216c538c",
      "display" : "Yellow Fever - 50 dose - Bio-Manguinhos/Fiocruz",
      "target" : [{
        "code" : "YellowFever",
        "display" : "Yellow Fever",
        "equivalence" : "equivalent"
      }]
    },
    {
      "code" : "PolioVaccineOralOPVTrivaProductfa4849f7532d522134f4102063af1617",
      "display" : "BIOPOLIO - Trivalent OPV - 10 dose - Bharat Biotech",
      "target" : [{
        "code" : "PolioVaccineOralOPVTrivalent",
        "display" : "Polio Vaccine - Oral (OPV) Trivalent",
        "equivalence" : "equivalent"
      }]
    },
    {
      "code" : "PolioVaccineOralOPVTrivaProduct4df3a93ab495d85b3583d0cd1ae3d83e",
      "display" : "BIOPOLIO - Trivalent OPV - 20 dose - Bharat Biotech",
      "target" : [{
        "code" : "PolioVaccineOralOPVTrivalent",
        "display" : "Polio Vaccine - Oral (OPV) Trivalent",
        "equivalence" : "equivalent"
      }]
    },
    {
      "code" : "PolioVaccineOralOPVTrivaProducte0bcdc085107751b3df34ad04620ac21",
      "display" : "Oral Poliomyelitis Vaccines - Trivalent - 20 dose - PT Bio Farma",
      "target" : [{
        "code" : "PolioVaccineOralOPVTrivalent",
        "display" : "Polio Vaccine - Oral (OPV) Trivalent",
        "equivalence" : "equivalent"
      }]
    },
    {
      "code" : "PolioVaccineOralOPVTrivaProductbd7faeaf3f0e633420fba396895d6cc9",
      "display" : "Polioviral vaccine - Trivalent - 20 dose - Haffkine Bio",
      "target" : [{
        "code" : "PolioVaccineOralOPVTrivalent",
        "display" : "Polio Vaccine - Oral (OPV) Trivalent",
        "equivalence" : "equivalent"
      }]
    },
    {
      "code" : "PolioVaccineOralOPVBivalProduct16e883911ea0108b8213bc213c9972fe",
      "display" : "BIOPOLIO B1/3 - Bivalent OPV - 10 dose - Bharat Biotech",
      "target" : [{
        "code" : "PolioVaccineOralOPVBivalentTypes1and3",
        "display" : "Polio Vaccine - Oral (OPV) Bivalent Types 1 and 3",
        "equivalence" : "equivalent"
      }]
    },
    {
      "code" : "PolioVaccineOralOPVBivalProduct0e59118bc5938520115bac65a45be04d",
      "display" : "BIOPOLIO B1/3 - Bivalent OPV - 20 dose - Bharat Biotech",
      "target" : [{
        "code" : "PolioVaccineOralOPVBivalentTypes1and3",
        "display" : "Polio Vaccine - Oral (OPV) Bivalent Types 1 and 3",
        "equivalence" : "equivalent"
      }]
    },
    {
      "code" : "PolioVaccineInactivatedIProduct532ef986c8042bbb15fee24056fdc4ed",
      "display" : "IMOVAX POLIO - IPV - 10 dose - Sanofi Pasteur",
      "target" : [{
        "code" : "PolioVaccineInactivatedIPV",
        "display" : "Polio Vaccine - Inactivated (IPV)",
        "equivalence" : "equivalent"
      }]
    },
    {
      "code" : "PolioVaccineInactivatedIProduct087ff26057e89c006517428347dfbc3c",
      "display" : "IPV Vaccine AJV - 1 dose - AJ Vaccines",
      "target" : [{
        "code" : "PolioVaccineInactivatedIPV",
        "display" : "Polio Vaccine - Inactivated (IPV)",
        "equivalence" : "equivalent"
      }]
    },
    {
      "code" : "PolioVaccineInactivatedSProduct0854d534a200bbeffa8be0f57dad584a",
      "display" : "Eupolio Inj. - sIPV - 1 dose - LG Chem",
      "target" : [{
        "code" : "PolioVaccineInactivatedSabinsIPV",
        "display" : "Polio Vaccine - Inactivated Sabin (sIPV)",
        "equivalence" : "equivalent"
      }]
    },
    {
      "code" : "PolioVaccineInactivatedSProduct031f63df3184acdf0cb82f90f316b6c3",
      "display" : "Eupolio Inj. - sIPV - 5 dose - LG Chem",
      "target" : [{
        "code" : "PolioVaccineInactivatedSabinsIPV",
        "display" : "Polio Vaccine - Inactivated Sabin (sIPV)",
        "equivalence" : "equivalent"
      }]
    },
    {
      "code" : "DiphtheriaTetanusPertussProductf4177b409d09d83e48630717437c5aea",
      "display" : "HEXASIIL - DTP-HepB-Hib-IPV - 1 dose - Serum Institute",
      "target" : [{
        "code" : "DiphtheriaTetanusPertussiswholecellHepatitisBHaemophilusinfluenzaetypebPolioInactivated",
        "display" : "Diphtheria-Tetanus-Pertussis (whole cell)-Hepatitis B-Haemophilus influenzae type b-Polio (Inactivated)",
        "equivalence" : "equivalent"
      }]
    },
    {
      "code" : "DiphtheriaTetanusPertussProductd54558e2851d29311ee7f90975827dc7",
      "display" : "Hexaxim - DTPa-HepB-Hib-IPV - 1 dose - Sanofi Pasteur",
      "target" : [{
        "code" : "DiphtheriaTetanusPertussisacellularHepatitisBHaemophilusinfluenzaetypebPolioInactivated",
        "display" : "Diphtheria-Tetanus-Pertussis (acellular)-Hepatitis B-Haemophilus influenzae type b-Polio (Inactivated)",
        "equivalence" : "equivalent"
      }]
    },
    {
      "code" : "PolioVaccineNovelOralnOPProduct65b137f0201901bc43fc8759e4f35f35",
      "display" : "Poliomyelitis Vaccine - nOPV Type 2 - 20 dose - Biological E.",
      "target" : [{
        "code" : "PolioVaccineNovelOralnOPVType2",
        "display" : "Polio Vaccine - Novel Oral (nOPV) Type 2",
        "equivalence" : "equivalent"
      }]
    },
    {
      "code" : "PolioVaccineNovelOralnOPProduct278e9af5dc50904dd144a7ceb4d42dd7",
      "display" : "Polio Vaccine - nOPV Type 2 - 50 dose - PT Bio Farma",
      "target" : [{
        "code" : "PolioVaccineNovelOralnOPVType2",
        "display" : "Polio Vaccine - Novel Oral (nOPV) Type 2",
        "equivalence" : "equivalent"
      }]
    }]
  }]
}