URL,Version,Status,OIDs,Name,Title,Description,Used
http://id.who.int/icd/release/11/mms,1.0.0,active,,ICD11MMS,International Classification of Diseases, 11th Revision Mortality and Morbidity Statistics (MMS),"The International Classification of Diseases, 11th Revision Mortality and Morbidity Statistics (MMS) is one of the ICD11 linearizations. Information about the ICD Foundation Component and the ICD11 Linearizations can be found in the complete reference guide here: [https://icd.who.int/icd11refguide/en/index.html](https://icd.who.int/icd11refguide/en/index.html)    ""**The ICD11 Linearizations (Tabular lists)**    A linearization is a subset of the foundation component, that is:    1. fit for a particular purpose: reporting mortality, morbidity, primary care or other uses;     2. composed of entities that are Mutually Exclusive of each other;     3. each entity is given a single parent.    Linearization is similar to the classical print versions of ICD Tabular List (e.g. volume I of ICD-10 or other previous editions). The main linearization of ICD-11 is Mortality and Morbidity Statistics (MMS). Various linearizations could be built at different granularity, use case or other purposes such as for Primary Care, Clinical Care or Research. The linkage from the foundation component to a particular linearization will ensure consistent use of the ICD.""    ICD-11 for Mortality and Morbidity (ICD-11 MMS) can be downloaded in either print or electronic (spreadsheet) format from the  browser in the Info tab located [here](https://icd.who.int/browse11/l-m/en)","ValueSet/ICVPVaccineCodes,ValueSet/ICVPDiseaseTargeted,ValueSet/DiseaseTargeted"
http://smart.who.int/icvp/CodeSystem/VaccineManufacturer,0.2.0,active,,VaccineManufacturer,Prequalified Vaccines - Manufacturer names,"List of WHO Prequalified Vaccines - Manufacturer names","ValueSet/VaccineManufacturer"
http://smart.who.int/icvp/CodeSystem/preQualVaccines,0.2.0,active,,preQualVaccines,Prequalified Vaccines,"List of WHO Prequalified Vaccines","ValueSet/preQualVaccines"
http://smart.who.int/pcmt-vaxprequal/CodeSystem/PreQualProductIds,0.2.0,active,,PreQualProductIds,WHO PreQualificaiton Vaccine Product Ids,"WHO PreQualificaiton Vaccine Product Ids","ValueSet/ICVPProductIds,ValueSet/PreQualProductIds"
http://smart.who.int/pcmt-vaxprequal/CodeSystem/PreQualVaccineType,0.2.0,active,,PreQualVaccineType,WHO PreQualificaiton Vaccine VaccineTypes,"WHO PreQualificaiton Vaccine VaccineTypes","ValueSet/ICVPVaccineType"
http://smart.who.int/trust-phw/CodeSystem/DVCRelationshipStatus,0.1.0,active,,DVCRelationshipStatus,Relationship Status for Contact in Patient,"Relationship Status for Contact in Patient","ValueSet/DVCRelationshipStatus"
http://terminology.hl7.org/CodeSystem/v2-0001,2.1.0,active,"2.16.840.1.113883.18.2",AdministrativeSex,administrativeSex,"Code system of concepts specifying a patient's sex for administrative purposes.  Used in HL7 Version 2.x messages in the PID segment.","ValueSet/v2-0001"
http://terminology.hl7.org/CodeSystem/v2-0203,5.0.0,active,"2.16.840.1.113883.18.108",IdentifierType,identifierType,"HL7-defined code system of concepts specifying type of identifier. Used in HL7 Version 2.x messaging data types CX, PLN, PPN, XCN and XON.","ValueSet/v2-0203"
urn:iso:std:iso:3166,1.0.1,active,"1.0.3166.1",ISO3166Part1,ISO 3166-1 Codes for the representation of names of countries and their subdivisions — Part 1: Country code,"ISO 3166-1 establishes codes that represent the current names of countries, dependencies, and other areas of particular geopolitical interest, on the basis of country names obtained from the United Nations.","ValueSet/v3-Country"
