<?xml version="1.0" encoding="UTF-8"?><ValueSet xmlns="http://hl7.org/fhir"><id value="DVCVaccines"/><text><status value="extensions"/><div xmlns="http://www.w3.org/1999/xhtml"><p class="res-header-id"><b>Generated Narrative: ValueSet DVCVaccines</b></p><a name="DVCVaccines"> </a><a name="hcDVCVaccines"> </a><a name="DVCVaccines-en-US"> </a><ul><li>Include these codes as defined in <a href="http://smart.who.int/ts/0.1.0/CodeSystem-ICD11.html"><code>http://id.who.int/icd/release/11/mms</code></a><table class="none"><tr><td style="white-space:nowrap"><b>Code</b></td><td><b>Display</b></td><td><b>Definition</b></td></tr><tr><td><a href="http://smart.who.int/ts/0.1.0/CodeSystem-ICD11.html#ICD11-XM4639">XM4639</a></td><td>Tuberculosis vaccines</td><td>Tuberculosis vaccines</td></tr><tr><td><a href="http://smart.who.int/ts/0.1.0/CodeSystem-ICD11.html#ICD11-XM8142">XM8142</a></td><td>Tuberculosis, live attenuated vaccines</td><td>Tuberculosis, live attenuated vaccines</td></tr><tr><td><a href="http://smart.who.int/ts/0.1.0/CodeSystem-ICD11.html#ICD11-XM29K4">XM29K4</a></td><td>Cholera vaccines</td><td>Cholera vaccines</td></tr><tr><td><a href="http://smart.who.int/ts/0.1.0/CodeSystem-ICD11.html#ICD11-XM3Z26">XM3Z26</a></td><td>Cholera, inactivated, whole cell vaccines</td><td>Cholera, inactivated, whole cell vaccines</td></tr><tr><td><a href="http://smart.who.int/ts/0.1.0/CodeSystem-ICD11.html#ICD11-XM72A0">XM72A0</a></td><td>Cholera, live attenuated vaccines</td><td>Cholera, live attenuated vaccines</td></tr><tr><td><a href="http://smart.who.int/ts/0.1.0/CodeSystem-ICD11.html#ICD11-XM1FT6">XM1FT6</a></td><td>Cholera, combinations with typhoid vaccine, inactivated, whole cell vaccines</td><td>Cholera, combinations with typhoid vaccine, inactivated, whole cell vaccines</td></tr><tr><td><a href="http://smart.who.int/ts/0.1.0/CodeSystem-ICD11.html#ICD11-XM8AW3">XM8AW3</a></td><td>Diphtheria vaccines</td><td>Diphtheria vaccines</td></tr><tr><td><a href="http://smart.who.int/ts/0.1.0/CodeSystem-ICD11.html#ICD11-XM9744">XM9744</a></td><td>Diphtheria, rubella, tetanus vaccines</td><td>Diphtheria, rubella, tetanus vaccines</td></tr><tr><td><a href="http://smart.who.int/ts/0.1.0/CodeSystem-ICD11.html#ICD11-XM31Q8">XM31Q8</a></td><td>Tetanus, diphtheria, acellular pertussis</td><td>Tetanus, diphtheria, acellular pertussis</td></tr><tr><td><a href="http://smart.who.int/ts/0.1.0/CodeSystem-ICD11.html#ICD11-XM8AW1">XM8AW1</a></td><td>Diphtheria, poliomyelitis, tetanus vaccines</td><td>Diphtheria, poliomyelitis, tetanus vaccines</td></tr><tr><td><a href="http://smart.who.int/ts/0.1.0/CodeSystem-ICD11.html#ICD11-XM09Q7">XM09Q7</a></td><td>Diphtheria, pertussis, poliomyelitis, tetanus vaccines</td><td>Diphtheria, pertussis, poliomyelitis, tetanus vaccines</td></tr><tr><td><a href="http://smart.who.int/ts/0.1.0/CodeSystem-ICD11.html#ICD11-XM41N3">XM41N3</a></td><td>Diphtheria, hepatitis B, pertussis, tetanus vaccines</td><td>Diphtheria, hepatitis B, pertussis, tetanus vaccines</td></tr><tr><td><a href="http://smart.who.int/ts/0.1.0/CodeSystem-ICD11.html#ICD11-XM1LX9">XM1LX9</a></td><td>Diphtheria, hemophilus influenzae B, pertussis, poliomyelitis, tetanus vaccines</td><td>Diphtheria, hemophilus influenzae B, pertussis, poliomyelitis, tetanus vaccines</td></tr><tr><td><a href="http://smart.who.int/ts/0.1.0/CodeSystem-ICD11.html#ICD11-XM3G68">XM3G68</a></td><td>Diphtheria, hepatitis B, tetanus vaccines</td><td>Diphtheria, hepatitis B, tetanus vaccines</td></tr><tr><td><a href="http://smart.who.int/ts/0.1.0/CodeSystem-ICD11.html#ICD11-XM0LT9">XM0LT9</a></td><td>Diphtheria, pertussis, poliomyelitis, tetanus, hepatitis B vaccines</td><td>Diphtheria, pertussis, poliomyelitis, tetanus, hepatitis B vaccines</td></tr><tr><td><a href="http://smart.who.int/ts/0.1.0/CodeSystem-ICD11.html#ICD11-XM7JP3">XM7JP3</a></td><td>Diphtheria, hemophilus influenzae B, pertussis, tetanus, hepatitis B vaccines</td><td>Diphtheria, hemophilus influenzae B, pertussis, tetanus, hepatitis B vaccines</td></tr><tr><td><a href="http://smart.who.int/ts/0.1.0/CodeSystem-ICD11.html#ICD11-XM5XP9">XM5XP9</a></td><td>Diphtheria, hemophilus influenzae B, pertussis, tetanus-hepatitis B, meningococcus A + C vaccines</td><td>Diphtheria, hemophilus influenzae B, pertussis, tetanus-hepatitis B, meningococcus A + C vaccines</td></tr><tr><td><a href="http://smart.who.int/ts/0.1.0/CodeSystem-ICD11.html#ICD11-XM1G86">XM1G86</a></td><td>Tetanus toxoid, combinations with diphtheria toxoid vaccines</td><td>Tetanus toxoid, combinations with diphtheria toxoid vaccines</td></tr><tr><td><a href="http://smart.who.int/ts/0.1.0/CodeSystem-ICD11.html#ICD11-XM32Q5">XM32Q5</a></td><td>Tetanus and diphtheria vaccines</td><td>Tetanus and diphtheria vaccines</td></tr><tr><td><a href="http://smart.who.int/ts/0.1.0/CodeSystem-ICD11.html#ICD11-XM2CV8">XM2CV8</a></td><td>Vaccines pertussis with diphtheria</td><td>Vaccines pertussis with diphtheria</td></tr><tr><td><a href="http://smart.who.int/ts/0.1.0/CodeSystem-ICD11.html#ICD11-XM21E6">XM21E6</a></td><td>Diphtheria tetanus, acellular pertussis, inactivated polio virus, haemophilus Influenzae type B vaccines</td><td>Diphtheria tetanus, acellular pertussis, inactivated polio virus, haemophilus Influenzae type B vaccines</td></tr><tr><td><a href="http://smart.who.int/ts/0.1.0/CodeSystem-ICD11.html#ICD11-XM84S1">XM84S1</a></td><td>Diphtheria, hepatitis B, tetanus, acellular pertussis, inactivated polio virus, haemophilus Influenzae type B vaccines</td><td>Diphtheria, hepatitis B, tetanus, acellular pertussis, inactivated polio virus, haemophilus Influenzae type B vaccines</td></tr><tr><td><a href="http://smart.who.int/ts/0.1.0/CodeSystem-ICD11.html#ICD11-XM9JP8">XM9JP8</a></td><td>Diphtheria, tetanus, acellular pertussis, inactivated polio virus vaccines</td><td>Diphtheria, tetanus, acellular pertussis, inactivated polio virus vaccines</td></tr><tr><td><a href="http://smart.who.int/ts/0.1.0/CodeSystem-ICD11.html#ICD11-XM46V1">XM46V1</a></td><td>Diphtheria vaccines combination including pertussis</td><td>Diphtheria vaccines combination including pertussis</td></tr><tr><td><a href="http://smart.who.int/ts/0.1.0/CodeSystem-ICD11.html#ICD11-XM4039">XM4039</a></td><td>Vaccines diphtheria with tetanus</td><td>Vaccines diphtheria with tetanus</td></tr><tr><td><a href="http://smart.who.int/ts/0.1.0/CodeSystem-ICD11.html#ICD11-XM11V3">XM11V3</a></td><td>Haemophilus influenzae B vaccines</td><td>Haemophilus influenzae B vaccines</td></tr><tr><td><a href="http://smart.who.int/ts/0.1.0/CodeSystem-ICD11.html#ICD11-XM01H1">XM01H1</a></td><td>Hemophilus influenzae B and poliomyelitis vaccines</td><td>Hemophilus influenzae B and poliomyelitis vaccines</td></tr><tr><td><a href="http://smart.who.int/ts/0.1.0/CodeSystem-ICD11.html#ICD11-XM32L7">XM32L7</a></td><td>Hemophilus influenzae B and hepatitis B vaccines</td><td>Hemophilus influenzae B and hepatitis B vaccines</td></tr><tr><td><a href="http://smart.who.int/ts/0.1.0/CodeSystem-ICD11.html#ICD11-XM6LL6">XM6LL6</a></td><td>Hepatitis vaccines</td><td>Hepatitis vaccines</td></tr><tr><td><a href="http://smart.who.int/ts/0.1.0/CodeSystem-ICD11.html#ICD11-XM2A12">XM2A12</a></td><td>Hepatitis A, inactivated, whole virus</td><td>Hepatitis A, inactivated, whole virus</td></tr><tr><td><a href="http://smart.who.int/ts/0.1.0/CodeSystem-ICD11.html#ICD11-XM3JA6">XM3JA6</a></td><td>Typhoid, hepatitis A vaccines</td><td>Typhoid, hepatitis A vaccines</td></tr><tr><td><a href="http://smart.who.int/ts/0.1.0/CodeSystem-ICD11.html#ICD11-XM03Y7">XM03Y7</a></td><td>Combinations hepatitis vaccines</td><td>Combinations hepatitis vaccines</td></tr><tr><td><a href="http://smart.who.int/ts/0.1.0/CodeSystem-ICD11.html#ICD11-XM9V38">XM9V38</a></td><td>Hepatitis B, purified antigen</td><td>Hepatitis B, purified antigen</td></tr><tr><td><a href="http://smart.who.int/ts/0.1.0/CodeSystem-ICD11.html#ICD11-XM9QP0">XM9QP0</a></td><td>Papillomavirus vaccine</td><td>Papillomavirus vaccine</td></tr><tr><td><a href="http://smart.who.int/ts/0.1.0/CodeSystem-ICD11.html#ICD11-XM1821">XM1821</a></td><td>Papillomavirus (human types 6,11,16,18)</td><td>Papillomavirus (human types 6,11,16,18)</td></tr><tr><td><a href="http://smart.who.int/ts/0.1.0/CodeSystem-ICD11.html#ICD11-XM9BT4">XM9BT4</a></td><td>Papillomavirus (human types 16,18)</td><td>Papillomavirus (human types 16,18)</td></tr><tr><td><a href="http://smart.who.int/ts/0.1.0/CodeSystem-ICD11.html#ICD11-XM5CE9">XM5CE9</a></td><td>Papillomavirus (human types 6,11,16,18,31,33,45,52,58)</td><td>Papillomavirus (human types 6,11,16,18,31,33,45,52,58)</td></tr><tr><td><a href="http://smart.who.int/ts/0.1.0/CodeSystem-ICD11.html#ICD11-XM0LB5">XM0LB5</a></td><td>Encephalitis, Japanese, inactivated, whole virus</td><td>Encephalitis, Japanese, inactivated, whole virus</td></tr><tr><td><a href="http://smart.who.int/ts/0.1.0/CodeSystem-ICD11.html#ICD11-XM47S0">XM47S0</a></td><td>Encephalitis, Japanese, live attenuated</td><td>Encephalitis, Japanese, live attenuated</td></tr><tr><td><a href="http://smart.who.int/ts/0.1.0/CodeSystem-ICD11.html#ICD11-XM28X5">XM28X5</a></td><td>Measles vaccines</td><td>Measles vaccines</td></tr><tr><td><a href="http://smart.who.int/ts/0.1.0/CodeSystem-ICD11.html#ICD11-XM8L15">XM8L15</a></td><td>Measles, live attenuated</td><td>Measles, live attenuated</td></tr><tr><td><a href="http://smart.who.int/ts/0.1.0/CodeSystem-ICD11.html#ICD11-XM8TF3">XM8TF3</a></td><td>Measles, combinations with mumps and rubella, live attenuated</td><td>Measles, combinations with mumps and rubella, live attenuated</td></tr><tr><td><a href="http://smart.who.int/ts/0.1.0/CodeSystem-ICD11.html#ICD11-XM21H2">XM21H2</a></td><td>Measles, combinations with rubella, live attenuated</td><td>Measles, combinations with rubella, live attenuated</td></tr><tr><td><a href="http://smart.who.int/ts/0.1.0/CodeSystem-ICD11.html#ICD11-XM4AJ8">XM4AJ8</a></td><td>Measles, combinations with mumps, rubella and varicella, live attenuated</td><td>Measles, combinations with mumps, rubella and varicella, live attenuated</td></tr><tr><td><a href="http://smart.who.int/ts/0.1.0/CodeSystem-ICD11.html#ICD11-XM9439">XM9439</a></td><td>Measles, combinations with mumps, live attenuated</td><td>Measles, combinations with mumps, live attenuated</td></tr><tr><td><a href="http://smart.who.int/ts/0.1.0/CodeSystem-ICD11.html#ICD11-XM2WV4">XM2WV4</a></td><td>Meningococcal vaccines</td><td>Meningococcal vaccines</td></tr><tr><td><a href="http://smart.who.int/ts/0.1.0/CodeSystem-ICD11.html#ICD11-XM92B2">XM92B2</a></td><td>Meningococcal monovalent purified polysaccharides antigen vaccines</td><td>Meningococcal monovalent purified polysaccharides antigen vaccines</td></tr><tr><td><a href="http://smart.who.int/ts/0.1.0/CodeSystem-ICD11.html#ICD11-XM5LC2">XM5LC2</a></td><td>Meningococcal polyvalent purified polysaccharides antigen vaccines</td><td>Meningococcal polyvalent purified polysaccharides antigen vaccines</td></tr><tr><td><a href="http://smart.who.int/ts/0.1.0/CodeSystem-ICD11.html#ICD11-XM18Y8">XM18Y8</a></td><td>Meningococcus C, purified polysaccharides antigen conjugated vaccines</td><td>Meningococcus C, purified polysaccharides antigen conjugated vaccines</td></tr><tr><td><a href="http://smart.who.int/ts/0.1.0/CodeSystem-ICD11.html#ICD11-XM2280">XM2280</a></td><td>Meningococcus A, purified polysaccharides antigen conjugated vaccines</td><td>Meningococcus A, purified polysaccharides antigen conjugated vaccines</td></tr><tr><td><a href="http://smart.who.int/ts/0.1.0/CodeSystem-ICD11.html#ICD11-XM9GJ1">XM9GJ1</a></td><td>Meningococcus B, outer membrane vesicle vaccines</td><td>Meningococcus B, outer membrane vesicle vaccines</td></tr><tr><td><a href="http://smart.who.int/ts/0.1.0/CodeSystem-ICD11.html#ICD11-XM1X81">XM1X81</a></td><td>Meningococcus B, multicomponent vaccines</td><td>Meningococcus B, multicomponent vaccines</td></tr><tr><td><a href="http://smart.who.int/ts/0.1.0/CodeSystem-ICD11.html#ICD11-XM37L5">XM37L5</a></td><td>Meningococcus A, purified polysaccharides antigen vaccines</td><td>Meningococcus A, purified polysaccharides antigen vaccines</td></tr><tr><td><a href="http://smart.who.int/ts/0.1.0/CodeSystem-ICD11.html#ICD11-XM1131">XM1131</a></td><td>Mumps vaccine</td><td>Mumps vaccine</td></tr><tr><td><a href="http://smart.who.int/ts/0.1.0/CodeSystem-ICD11.html#ICD11-XM2340">XM2340</a></td><td>Mumps, live attenuated</td><td>Mumps, live attenuated</td></tr><tr><td><a href="http://smart.who.int/ts/0.1.0/CodeSystem-ICD11.html#ICD11-XM3B09">XM3B09</a></td><td>Rubella, combinations with mumps, live attenuated</td><td>Rubella, combinations with mumps, live attenuated</td></tr><tr><td><a href="http://smart.who.int/ts/0.1.0/CodeSystem-ICD11.html#ICD11-XM43M9">XM43M9</a></td><td>Pertussis vaccines</td><td> Pertussis vaccines</td></tr><tr><td><a href="http://smart.who.int/ts/0.1.0/CodeSystem-ICD11.html#ICD11-XM45L8">XM45L8</a></td><td>Pertussis, inactivated, whole cell vaccines</td><td>Pertussis, inactivated, whole cell vaccines</td></tr><tr><td><a href="http://smart.who.int/ts/0.1.0/CodeSystem-ICD11.html#ICD11-XM62J1">XM62J1</a></td><td>Pertussis, purified antigen vaccines</td><td>Pertussis, purified antigen vaccines</td></tr><tr><td><a href="http://smart.who.int/ts/0.1.0/CodeSystem-ICD11.html#ICD11-XM2TK2">XM2TK2</a></td><td>Pertussis, inactivated, whole cell, combinations with toxoids vaccines</td><td>Pertussis, inactivated, whole cell, combinations with toxoids vaccines</td></tr><tr><td><a href="http://smart.who.int/ts/0.1.0/CodeSystem-ICD11.html#ICD11-XM4082">XM4082</a></td><td>Pertussis, purified antigen, combinations with toxoids vaccines</td><td>Pertussis, purified antigen, combinations with toxoids vaccines</td></tr><tr><td><a href="http://smart.who.int/ts/0.1.0/CodeSystem-ICD11.html#ICD11-XM9EM7">XM9EM7</a></td><td>Pneumococcal vaccines</td><td>Pneumococcal vaccines</td></tr><tr><td><a href="http://smart.who.int/ts/0.1.0/CodeSystem-ICD11.html#ICD11-XM9G97">XM9G97</a></td><td>Pneumococcal conjugate (13-valent) vaccines</td><td>Pneumococcal conjugate (13-valent) vaccines</td></tr><tr><td><a href="http://smart.who.int/ts/0.1.0/CodeSystem-ICD11.html#ICD11-XM2249">XM2249</a></td><td>Pneumococcal polysaccharide 23-valent vaccines</td><td>Pneumococcal polysaccharide 23-valent vaccines</td></tr><tr><td><a href="http://smart.who.int/ts/0.1.0/CodeSystem-ICD11.html#ICD11-XM91D7">XM91D7</a></td><td>Pneumococcus, purified polysaccharides antigen vaccines</td><td>Pneumococcus, purified polysaccharides antigen vaccines</td></tr><tr><td><a href="http://smart.who.int/ts/0.1.0/CodeSystem-ICD11.html#ICD11-XM96S7">XM96S7</a></td><td>Pneumococcus, purified polysaccharides antigen conjugated vaccines</td><td>Pneumococcus, purified polysaccharides antigen conjugated vaccines</td></tr><tr><td><a href="http://smart.who.int/ts/0.1.0/CodeSystem-ICD11.html#ICD11-XM4R39">XM4R39</a></td><td>Pneumococcus purified polysaccharides antigen and Haemophilus influenzae, conjugated vaccines</td><td>Pneumococcus purified polysaccharides antigen and Haemophilus influenzae, conjugated vaccines</td></tr><tr><td><a href="http://smart.who.int/ts/0.1.0/CodeSystem-ICD11.html#ICD11-XM0N50">XM0N50</a></td><td>Poliomyelitis vaccines</td><td>Poliomyelitis vaccines</td></tr><tr><td><a href="http://smart.who.int/ts/0.1.0/CodeSystem-ICD11.html#ICD11-XM5V19">XM5V19</a></td><td>Poliomyelitis, trivalent, inactivated, whole virus</td><td>Poliomyelitis, trivalent, inactivated, whole virus</td></tr><tr><td><a href="http://smart.who.int/ts/0.1.0/CodeSystem-ICD11.html#ICD11-XM79H3">XM79H3</a></td><td>Poliomyelitis oral, bivalent, live attenuated</td><td>Poliomyelitis oral, bivalent, live attenuated</td></tr><tr><td><a href="http://smart.who.int/ts/0.1.0/CodeSystem-ICD11.html#ICD11-XM0VX8">XM0VX8</a></td><td>Poliomyelitis oral, monovalent live attenuated</td><td>Poliomyelitis oral, monovalent live attenuated</td></tr><tr><td><a href="http://smart.who.int/ts/0.1.0/CodeSystem-ICD11.html#ICD11-XM0KZ1">XM0KZ1</a></td><td>Poliomyelitis oral, trivalent, live attenuated</td><td>Poliomyelitis oral, trivalent, live attenuated</td></tr><tr><td><a href="http://smart.who.int/ts/0.1.0/CodeSystem-ICD11.html#ICD11-XM6T09">XM6T09</a></td><td>Rabies vaccine</td><td>Rabies vaccine</td></tr><tr><td><a href="http://smart.who.int/ts/0.1.0/CodeSystem-ICD11.html#ICD11-XM7BE8">XM7BE8</a></td><td>Rabies, inactivated, whole virus</td><td>Rabies, inactivated, whole virus</td></tr><tr><td><a href="http://smart.who.int/ts/0.1.0/CodeSystem-ICD11.html#ICD11-XM1CE0">XM1CE0</a></td><td>Rotavirus diarrhoea vaccines</td><td>Rotavirus diarrhoea vaccines</td></tr><tr><td><a href="http://smart.who.int/ts/0.1.0/CodeSystem-ICD11.html#ICD11-XM4GV0">XM4GV0</a></td><td>Rota virus, live attenuated</td><td>Rota virus, live attenuated</td></tr><tr><td><a href="http://smart.who.int/ts/0.1.0/CodeSystem-ICD11.html#ICD11-XM4VG1">XM4VG1</a></td><td>Rota virus, pentavalent, live, reassorted</td><td>Rota virus, pentavalent, live, reassorted</td></tr><tr><td><a href="http://smart.who.int/ts/0.1.0/CodeSystem-ICD11.html#ICD11-XM7PP1">XM7PP1</a></td><td>Rubella vaccine</td><td>Rubella vaccine</td></tr><tr><td><a href="http://smart.who.int/ts/0.1.0/CodeSystem-ICD11.html#ICD11-XM9PS9">XM9PS9</a></td><td>Rubella, live attenuated</td><td>Rubella, live attenuated</td></tr><tr><td><a href="http://smart.who.int/ts/0.1.0/CodeSystem-ICD11.html#ICD11-XM1LR5">XM1LR5</a></td><td>Influenza vaccines</td><td>Influenza vaccines</td></tr><tr><td><a href="http://smart.who.int/ts/0.1.0/CodeSystem-ICD11.html#ICD11-XM8857">XM8857</a></td><td>Influenza vaccine, inactivated, whole virus</td><td>Influenza vaccine, inactivated, whole virus</td></tr><tr><td><a href="http://smart.who.int/ts/0.1.0/CodeSystem-ICD11.html#ICD11-XM5V64">XM5V64</a></td><td>Influenza vaccines, live attenuated</td><td>Influenza vaccines, live attenuated</td></tr><tr><td><a href="http://smart.who.int/ts/0.1.0/CodeSystem-ICD11.html#ICD11-XM8MP2">XM8MP2</a></td><td>Influenza vaccines, inactivated, split virus or surface antigen</td><td>Influenza vaccines, inactivated, split virus or surface antigen</td></tr><tr><td><a href="http://smart.who.int/ts/0.1.0/CodeSystem-ICD11.html#ICD11-XM9E16">XM9E16</a></td><td>Influenza vaccines, virus like particle</td><td>Influenza vaccines, virus like particle</td></tr><tr><td><a href="http://smart.who.int/ts/0.1.0/CodeSystem-ICD11.html#ICD11-XM33X8">XM33X8</a></td><td>Influenza, purified antigen</td><td>Influenza, purified antigen</td></tr><tr><td><a href="http://smart.who.int/ts/0.1.0/CodeSystem-ICD11.html#ICD11-XM5L44">XM5L44</a></td><td>Tetanus vaccines</td><td>Tetanus vaccines</td></tr><tr><td><a href="http://smart.who.int/ts/0.1.0/CodeSystem-ICD11.html#ICD11-XM29H5">XM29H5</a></td><td>Tetanus toxoid vaccines</td><td>Tetanus toxoid vaccines</td></tr><tr><td><a href="http://smart.who.int/ts/0.1.0/CodeSystem-ICD11.html#ICD11-XM9AK2">XM9AK2</a></td><td>Tetanus toxoid, combinations with tetanus immunoglobulin vaccines</td><td>Tetanus toxoid, combinations with tetanus immunoglobulin vaccines</td></tr><tr><td><a href="http://smart.who.int/ts/0.1.0/CodeSystem-ICD11.html#ICD11-XM0RC1">XM0RC1</a></td><td>Encephalitis vaccines</td><td>Encephalitis vaccines</td></tr><tr><td><a href="http://smart.who.int/ts/0.1.0/CodeSystem-ICD11.html#ICD11-XM8MP6">XM8MP6</a></td><td>Encephalitis, tick borne, inactivated, whole virus</td><td>Encephalitis, tick borne, inactivated, whole virus</td></tr><tr><td><a href="http://smart.who.int/ts/0.1.0/CodeSystem-ICD11.html#ICD11-XM8BU8">XM8BU8</a></td><td>Typhoid vaccines</td><td>Typhoid vaccines</td></tr><tr><td><a href="http://smart.who.int/ts/0.1.0/CodeSystem-ICD11.html#ICD11-XM33K4">XM33K4</a></td><td>Typhoid, oral, live attenuated vaccines</td><td>Typhoid, oral, live attenuated vaccines</td></tr><tr><td><a href="http://smart.who.int/ts/0.1.0/CodeSystem-ICD11.html#ICD11-XM89G3">XM89G3</a></td><td>Typhoid, inactivated, whole cell vaccines</td><td>Typhoid, inactivated, whole cell vaccines</td></tr><tr><td><a href="http://smart.who.int/ts/0.1.0/CodeSystem-ICD11.html#ICD11-XM3SF6">XM3SF6</a></td><td>Typhoid, purified polysaccharide antigen vaccines</td><td>Typhoid, purified polysaccharide antigen vaccines</td></tr><tr><td><a href="http://smart.who.int/ts/0.1.0/CodeSystem-ICD11.html#ICD11-XM9UB1">XM9UB1</a></td><td>Typhoid-paratyphoid vaccines</td><td>Typhoid-paratyphoid vaccines   </td></tr><tr><td><a href="http://smart.who.int/ts/0.1.0/CodeSystem-ICD11.html#ICD11-XM8DG3">XM8DG3</a></td><td>Varicella zoster vaccines</td><td>Varicella zoster vaccines</td></tr><tr><td><a href="http://smart.who.int/ts/0.1.0/CodeSystem-ICD11.html#ICD11-XM0NS8">XM0NS8</a></td><td>Varicella, live attenuated</td><td>Varicella, live attenuated   </td></tr><tr><td><a href="http://smart.who.int/ts/0.1.0/CodeSystem-ICD11.html#ICD11-XM0N24">XM0N24</a></td><td>Yellow fever vaccine</td><td>Yellow fever vaccine</td></tr><tr><td><a href="http://smart.who.int/ts/0.1.0/CodeSystem-ICD11.html#ICD11-XM3418">XM3418</a></td><td>Yellow fever, live attenuated</td><td>Yellow fever, live attenuated</td></tr><tr><td><a href="http://smart.who.int/ts/0.1.0/CodeSystem-ICD11.html#ICD11-XM38G7">XM38G7</a></td><td>Dengue vaccine</td><td>Dengue vaccine</td></tr><tr><td><a href="http://smart.who.int/ts/0.1.0/CodeSystem-ICD11.html#ICD11-XM68M6">XM68M6</a></td><td>COVID-19 vaccines</td><td>COVID-19 vaccines</td></tr><tr><td><a href="http://smart.who.int/ts/0.1.0/CodeSystem-ICD11.html#ICD11-XM0GQ8">XM0GQ8</a></td><td>COVID-19 vaccine, RNA based</td><td>COVID-19 vaccine, RNA based</td></tr><tr><td><a href="http://smart.who.int/ts/0.1.0/CodeSystem-ICD11.html#ICD11-XM1NL1">XM1NL1</a></td><td>COVID-19 vaccine, inactivated virus</td><td>COVID-19 vaccine, inactivated virus</td></tr><tr><td><a href="http://smart.who.int/ts/0.1.0/CodeSystem-ICD11.html#ICD11-XM1J92">XM1J92</a></td><td>COVID-19 vaccine, virus like particle</td><td>COVID-19 vaccine, virus like particle</td></tr><tr><td><a href="http://smart.who.int/ts/0.1.0/CodeSystem-ICD11.html#ICD11-XM9QW8">XM9QW8</a></td><td>COVID-19 vaccine, non-replicating viral vector</td><td>COVID-19 vaccine, non-replicating viral vector</td></tr><tr><td><a href="http://smart.who.int/ts/0.1.0/CodeSystem-ICD11.html#ICD11-XM6AT1">XM6AT1</a></td><td>COVID-19 vaccine, DNA based</td><td>COVID-19 vaccine, DNA based</td></tr><tr><td><a href="http://smart.who.int/ts/0.1.0/CodeSystem-ICD11.html#ICD11-XM5JC5">XM5JC5</a></td><td>COVID-19 vaccine, virus protein subunit</td><td>COVID-19 vaccine, virus protein subunit</td></tr><tr><td><a href="http://smart.who.int/ts/0.1.0/CodeSystem-ICD11.html#ICD11-XM3CT4">XM3CT4</a></td><td>Recombinant SARS-CoV-2 vaccine</td><td>Recombinant SARS-CoV-2 vaccine</td></tr><tr><td><a href="http://smart.who.int/ts/0.1.0/CodeSystem-ICD11.html#ICD11-XM0CX4">XM0CX4</a></td><td>COVID-19 vaccine, replicating viral vector</td><td>COVID-19 vaccine, replicating viral vector</td></tr><tr><td><a href="http://smart.who.int/ts/0.1.0/CodeSystem-ICD11.html#ICD11-XM5DF6">XM5DF6</a></td><td>COVID-19 vaccine, live attenuated virus</td><td>COVID-19 vaccine, live attenuated virus </td></tr></table></li></ul></div></text><url value="http://smart.who.int/icvp/ValueSet/DVCVaccines"/><version value="0.1.0"/><name value="DVCVaccines"/><title value="DVC - Vaccines"/><status value="draft"/><date value="2025-02-09T08:25:02+00:00"/><publisher value="WHO"/><contact><name value="WHO"/><telecom><system value="url"/><value value="http://who.int"/></telecom></contact><description value="This value set includes codes from ICD"/><compose><include><system value="http://id.who.int/icd/release/11/mms"/><concept><code value="XM4639"/><display value="Tuberculosis vaccines"/></concept><concept><code value="XM8142"/><display value="Tuberculosis, live attenuated vaccines"/></concept><concept><code value="XM29K4"/><display value="Cholera vaccines"/></concept><concept><code value="XM3Z26"/><display value="Cholera, inactivated, whole cell vaccines"/></concept><concept><code value="XM72A0"/><display value="Cholera, live attenuated vaccines"/></concept><concept><code value="XM1FT6"/><display value="Cholera, combinations with typhoid vaccine, inactivated, whole cell vaccines"/></concept><concept><code value="XM8AW3"/><display value="Diphtheria vaccines"/></concept><concept><code value="XM9744"/><display value="Diphtheria, rubella, tetanus vaccines"/></concept><concept><code value="XM31Q8"/><display value="Tetanus, diphtheria, acellular pertussis"/></concept><concept><code value="XM8AW1"/><display value="Diphtheria, poliomyelitis, tetanus vaccines"/></concept><concept><code value="XM09Q7"/><display value="Diphtheria, pertussis, poliomyelitis, tetanus vaccines"/></concept><concept><code value="XM41N3"/><display value="Diphtheria, hepatitis B, pertussis, tetanus vaccines"/></concept><concept><code value="XM1LX9"/><display value="Diphtheria, hemophilus influenzae B, pertussis, poliomyelitis, tetanus vaccines"/></concept><concept><code value="XM3G68"/><display value="Diphtheria, hepatitis B, tetanus vaccines"/></concept><concept><code value="XM0LT9"/><display value="Diphtheria, pertussis, poliomyelitis, tetanus, hepatitis B vaccines"/></concept><concept><code value="XM7JP3"/><display value="Diphtheria, hemophilus influenzae B, pertussis, tetanus, hepatitis B vaccines"/></concept><concept><code value="XM5XP9"/><display value="Diphtheria, hemophilus influenzae B, pertussis, tetanus-hepatitis B, meningococcus A + C vaccines"/></concept><concept><code value="XM1G86"/><display value="Tetanus toxoid, combinations with diphtheria toxoid vaccines"/></concept><concept><code value="XM32Q5"/><display value="Tetanus and diphtheria vaccines"/></concept><concept><code value="XM2CV8"/><display value="Vaccines pertussis with diphtheria"/></concept><concept><code value="XM21E6"/><display value="Diphtheria tetanus, acellular pertussis, inactivated polio virus, haemophilus Influenzae type B vaccines"/></concept><concept><code value="XM84S1"/><display value="Diphtheria, hepatitis B, tetanus, acellular pertussis, inactivated polio virus, haemophilus Influenzae type B vaccines"/></concept><concept><code value="XM9JP8"/><display value="Diphtheria, tetanus, acellular pertussis, inactivated polio virus vaccines"/></concept><concept><code value="XM46V1"/><display value="Diphtheria vaccines combination including pertussis"/></concept><concept><code value="XM4039"/><display value="Vaccines diphtheria with tetanus"/></concept><concept><code value="XM11V3"/><display value="Haemophilus influenzae B vaccines"/></concept><concept><code value="XM01H1"/><display value="Hemophilus influenzae B and poliomyelitis vaccines"/></concept><concept><code value="XM32L7"/><display value="Hemophilus influenzae B and hepatitis B vaccines"/></concept><concept><code value="XM6LL6"/><display value="Hepatitis vaccines"/></concept><concept><code value="XM2A12"/><display value="Hepatitis A, inactivated, whole virus"/></concept><concept><code value="XM3JA6"/><display value="Typhoid, hepatitis A vaccines"/></concept><concept><code value="XM03Y7"/><display value="Combinations hepatitis vaccines"/></concept><concept><code value="XM9V38"/><display value="Hepatitis B, purified antigen"/></concept><concept><code value="XM9QP0"/><display value="Papillomavirus vaccine"/></concept><concept><code value="XM1821"/><display value="Papillomavirus (human types 6,11,16,18)"/></concept><concept><code value="XM9BT4"/><display value="Papillomavirus (human types 16,18)"/></concept><concept><code value="XM5CE9"/><display value="Papillomavirus (human types 6,11,16,18,31,33,45,52,58)"/></concept><concept><code value="XM0LB5"/><display value="Encephalitis, Japanese, inactivated, whole virus"/></concept><concept><code value="XM47S0"/><display value="Encephalitis, Japanese, live attenuated"/></concept><concept><code value="XM28X5"/><display value="Measles vaccines"/></concept><concept><code value="XM8L15"/><display value="Measles, live attenuated"/></concept><concept><code value="XM8TF3"/><display value="Measles, combinations with mumps and rubella, live attenuated"/></concept><concept><code value="XM21H2"/><display value="Measles, combinations with rubella, live attenuated"/></concept><concept><code value="XM4AJ8"/><display value="Measles, combinations with mumps, rubella and varicella, live attenuated"/></concept><concept><code value="XM9439"/><display value="Measles, combinations with mumps, live attenuated"/></concept><concept><code value="XM2WV4"/><display value="Meningococcal vaccines"/></concept><concept><code value="XM92B2"/><display value="Meningococcal monovalent purified polysaccharides antigen vaccines"/></concept><concept><code value="XM5LC2"/><display value="Meningococcal polyvalent purified polysaccharides antigen vaccines"/></concept><concept><code value="XM18Y8"/><display value="Meningococcus C, purified polysaccharides antigen conjugated vaccines"/></concept><concept><code value="XM2280"/><display value="Meningococcus A, purified polysaccharides antigen conjugated vaccines"/></concept><concept><code value="XM9GJ1"/><display value="Meningococcus B, outer membrane vesicle vaccines"/></concept><concept><code value="XM1X81"/><display value="Meningococcus B, multicomponent vaccines"/></concept><concept><code value="XM37L5"/><display value="Meningococcus A, purified polysaccharides antigen vaccines"/></concept><concept><code value="XM1131"/><display value="Mumps vaccine"/></concept><concept><code value="XM2340"/><display value="Mumps, live attenuated"/></concept><concept><code value="XM3B09"/><display value="Rubella, combinations with mumps, live attenuated"/></concept><concept><code value="XM43M9"/><display value="Pertussis vaccines"/></concept><concept><code value="XM45L8"/><display value="Pertussis, inactivated, whole cell vaccines"/></concept><concept><code value="XM62J1"/><display value="Pertussis, purified antigen vaccines"/></concept><concept><code value="XM2TK2"/><display value="Pertussis, inactivated, whole cell, combinations with toxoids vaccines"/></concept><concept><code value="XM4082"/><display value="Pertussis, purified antigen, combinations with toxoids vaccines"/></concept><concept><code value="XM9EM7"/><display value="Pneumococcal vaccines"/></concept><concept><code value="XM9G97"/><display value="Pneumococcal conjugate (13-valent) vaccines"/></concept><concept><code value="XM2249"/><display value="Pneumococcal polysaccharide 23-valent vaccines"/></concept><concept><code value="XM91D7"/><display value="Pneumococcus, purified polysaccharides antigen vaccines"/></concept><concept><code value="XM96S7"/><display value="Pneumococcus, purified polysaccharides antigen conjugated vaccines"/></concept><concept><code value="XM4R39"/><display value="Pneumococcus purified polysaccharides antigen and Haemophilus influenzae, conjugated vaccines"/></concept><concept><code value="XM0N50"/><display value="Poliomyelitis vaccines"/></concept><concept><code value="XM5V19"/><display value="Poliomyelitis, trivalent, inactivated, whole virus"/></concept><concept><code value="XM79H3"/><display value="Poliomyelitis oral, bivalent, live attenuated"/></concept><concept><code value="XM0VX8"/><display value="Poliomyelitis oral, monovalent live attenuated"/></concept><concept><code value="XM0KZ1"/><display value="Poliomyelitis oral, trivalent, live attenuated"/></concept><concept><code value="XM6T09"/><display value="Rabies vaccine"/></concept><concept><code value="XM7BE8"/><display value="Rabies, inactivated, whole virus"/></concept><concept><code value="XM1CE0"/><display value="Rotavirus diarrhoea vaccines"/></concept><concept><code value="XM4GV0"/><display value="Rota virus, live attenuated"/></concept><concept><code value="XM4VG1"/><display value="Rota virus, pentavalent, live, reassorted"/></concept><concept><code value="XM7PP1"/><display value="Rubella vaccine"/></concept><concept><code value="XM9PS9"/><display value="Rubella, live attenuated"/></concept><concept><code value="XM1LR5"/><display value="Influenza vaccines"/></concept><concept><code value="XM8857"/><display value="Influenza vaccine, inactivated, whole virus"/></concept><concept><code value="XM5V64"/><display value="Influenza vaccines, live attenuated"/></concept><concept><code value="XM8MP2"/><display value="Influenza vaccines, inactivated, split virus or surface antigen"/></concept><concept><code value="XM9E16"/><display value="Influenza vaccines, virus like particle"/></concept><concept><code value="XM33X8"/><display value="Influenza, purified antigen"/></concept><concept><code value="XM5L44"/><display value="Tetanus vaccines"/></concept><concept><code value="XM29H5"/><display value="Tetanus toxoid vaccines"/></concept><concept><code value="XM9AK2"/><display value="Tetanus toxoid, combinations with tetanus immunoglobulin vaccines"/></concept><concept><code value="XM0RC1"/><display value="Encephalitis vaccines"/></concept><concept><code value="XM8MP6"/><display value="Encephalitis, tick borne, inactivated, whole virus"/></concept><concept><code value="XM8BU8"/><display value="Typhoid vaccines"/></concept><concept><code value="XM33K4"/><display value="Typhoid, oral, live attenuated vaccines"/></concept><concept><code value="XM89G3"/><display value="Typhoid, inactivated, whole cell vaccines"/></concept><concept><code value="XM3SF6"/><display value="Typhoid, purified polysaccharide antigen vaccines"/></concept><concept><code value="XM9UB1"/><display value="Typhoid-paratyphoid vaccines"/></concept><concept><code value="XM8DG3"/><display value="Varicella zoster vaccines"/></concept><concept><code value="XM0NS8"/><display value="Varicella, live attenuated"/></concept><concept><code value="XM0N24"/><display value="Yellow fever vaccine"/></concept><concept><code value="XM3418"/><display value="Yellow fever, live attenuated"/></concept><concept><code value="XM38G7"/><display value="Dengue vaccine"/></concept><concept><code value="XM68M6"/><display value="COVID-19 vaccines"/></concept><concept><code value="XM0GQ8"/><display value="COVID-19 vaccine, RNA based"/></concept><concept><code value="XM1NL1"/><display value="COVID-19 vaccine, inactivated virus"/></concept><concept><code value="XM1J92"/><display value="COVID-19 vaccine, virus like particle"/></concept><concept><code value="XM9QW8"/><display value="COVID-19 vaccine, non-replicating viral vector"/></concept><concept><code value="XM6AT1"/><display value="COVID-19 vaccine, DNA based"/></concept><concept><code value="XM5JC5"/><display value="COVID-19 vaccine, virus protein subunit"/></concept><concept><code value="XM3CT4"/><display value="Recombinant SARS-CoV-2 vaccine"/></concept><concept><code value="XM0CX4"/><display value="COVID-19 vaccine, replicating viral vector"/></concept><concept><code value="XM5DF6"/><display value="COVID-19 vaccine, live attenuated virus"/></concept></include></compose></ValueSet>