"Id","Path","Slice Name","Alias(s)","Label","Min","Max","Must Support?","Is Modifier?","Is Summary?","Type(s)","Short","Definition","Comments","Requirements","Default Value","Meaning When Missing","Fixed Value","Pattern","Example","Minimum Value","Maximum Value","Maximum Length","Binding Strength","Binding Description","Binding Value Set","Code","Slicing Discriminator","Slicing Description","Slicing Ordered","Slicing Rules","Base Path","Base Min","Base Max","Condition(s)","Constraint(s)","Mapping: RIM Mapping"
"ICVPVaccineDetails","ICVPVaccineDetails","","","",0,*,"","","","null {[]} {[]}
","ICVP - Vaccine Details","Vaccine Data elements for the International Certificate of Vaccination or Prophylaxis","","","","","","","","","",,,,,"",,,,"Base",0,*,"","must-have-issuer-or-clinician:Either issuer or clinicianName must be present {issuer.exists() or clinicianName.exists()}
period-from-until-must-be-present-and-valid:If period is present, both start and end must be present, and start must be before end {validity.start.exists() and (validity.end.exists() implies validity.start <= validity.end)}","n/a"
"ICVPVaccineDetails.vaccine[x]","ICVPVaccineDetails.vaccine[x]","","","",1,1,"","","","Reference {[]} {[CanonicalType[http://smart.who.int/pcmt-vaxprequal/StructureDefinition/FinishedVaccineProducts]]}
","Vaccine or prophylaxis","Vaccine or prophylaxis product","","","","","","","","","",,,,,"http://smart.who.int/trust-phw/CodeSystem/ICVP.Core#ICVP.C5.DE.11
http://loinc.org#39236-5 (Vaccine code)http://snomed.info/sct#787859002 (Vaccine product (medicinal product))",,,,"DVCVaccineDetails.vaccine[x]",1,1,"","vaccine-reference-must-exist:The vaccine reference must point to a resource that exists {vaccineReference.reference.exists() implies vaccineReference.resolve().exists()}
"
"ICVPVaccineDetails.vaccine[x].id","ICVPVaccineDetails.vaccine[x].id","","","",0,1,"","","","id {[]} {[]}
","Unique id for inter-element referencing","Unique id for the element within a resource (for internal references). This may be any string value that does not contain spaces.","","","","","","","","","",,,,,"",,,,"Element.id",0,1,"ele-1
","","n/a"
"ICVPVaccineDetails.vaccine[x].extension","ICVPVaccineDetails.vaccine[x].extension","","extensions
user content","",0,*,"","","","Extension {[]} {[]}
","Additional content defined by implementations","May be used to represent additional information that is not part of the basic definition of the element. To make the use of extensions safe and managable, there is a strict set of governance applied to the definition and use of extensions. Though any implementer can define an extension, there is a set of requirements that SHALL be met as part of the definition of the extension.","There can be no stigma associated with the use of extensions by any application, project, or standard - regardless of the institution or jurisdiction that uses or defines the extensions.  The use of extensions is what allows the FHIR specification to retain a core level of simplicity for everyone.","","","","","","","","",,,,,"","value:url}
","Extensions are always sliced by (at least) url",,"open","Element.extension",0,*,"","ele-1:All FHIR elements must have a @value or children {hasValue() or (children().count() > id.count())}
ext-1:Must have either extensions or value[x], not both {extension.exists() != value.exists()}","n/a"
"ICVPVaccineDetails.vaccine[x].reference","ICVPVaccineDetails.vaccine[x].reference","","","",0,1,"","","Y","string {[]} {[]}
","Literal reference, Relative, internal or absolute URL","A reference to a location at which the other resource is found. The reference may be a relative reference, in which case it is relative to the service base URL, or an absolute URL that resolves to the location where the resource is found. The reference may be version specific or not. If the reference is not to a FHIR RESTful server, then it should be assumed to be version specific. Internal fragment references (start with '#') refer to contained resources.","Using absolute URLs provides a stable scalable approach suitable for a cloud/web context, while using relative/logical references provides a flexible approach suitable for use when trading across closed eco-system boundaries.   Absolute URLs do not need to point to a FHIR RESTful server, though this is the preferred approach. If the URL conforms to the structure ""[type]/[id]"" then it should be assumed that the reference is to a FHIR RESTful server.","","","","","","","","",,,,,"",,,,"Reference.reference",0,1,"ref-2
ref-1","ele-1:All FHIR elements must have a @value or children {hasValue() or (children().count() > id.count())}
","N/A"
"ICVPVaccineDetails.vaccine[x].type","ICVPVaccineDetails.vaccine[x].type","","","",0,1,"","","Y","uri {[]} {[]}
","Type the reference refers to (e.g. ""Patient"") - must be a resource in resources","The expected type of the target of the reference. If both Reference.type and Reference.reference are populated and Reference.reference is a FHIR URL, both SHALL be consistent.

The type is the Canonical URL of Resource Definition that is the type this reference refers to. References are URLs that are relative to http://hl7.org/fhir/StructureDefinition/ e.g. ""Patient"" is a reference to http://hl7.org/fhir/StructureDefinition/Patient. Absolute URLs are only allowed for logical models (and can only be used in references in logical models, not resources).","This element is used to indicate the type of  the target of the reference. This may be used which ever of the other elements are populated (or not). In some cases, the type of the target may be determined by inspection of the reference (e.g. a known RESTful URL) or by resolving the target of the reference.","","","","","","","","",,"extensible","Aa resource (or, for logical models, the URI of the logical model).","http://hl7.org/fhir/ValueSet/resource-types|5.0.0","",,,,"Reference.type",0,1,"","ele-1:All FHIR elements must have a @value or children {hasValue() or (children().count() > id.count())}
","N/A"
"ICVPVaccineDetails.vaccine[x].identifier","ICVPVaccineDetails.vaccine[x].identifier","","","",0,1,"","","Y","Identifier {[]} {[]}
","Logical reference, when literal reference is not known","An identifier for the target resource. This is used when there is no way to reference the other resource directly, either because the entity it represents is not available through a FHIR server, or because there is no way for the author of the resource to convert a known identifier to an actual location. There is no requirement that a Reference.identifier point to something that is actually exposed as a FHIR instance, but it SHALL point to a business concept that would be expected to be exposed as a FHIR instance, and that instance would need to be of a FHIR resource type allowed by the reference.","When an identifier is provided in place of a reference, any system processing the reference will only be able to resolve the identifier to a reference if it understands the business context in which the identifier is used. Sometimes this is global (e.g. a national identifier) but often it is not. For this reason, none of the useful mechanisms described for working with references (e.g. chaining, includes) are possible, nor should servers be expected to be able resolve the reference. Servers may accept an identifier based reference untouched, resolve it, and/or reject it - see CapabilityStatement.rest.resource.referencePolicy. 

When both an identifier and a literal reference are provided, the literal reference is preferred. Applications processing the resource are allowed - but not required - to check that the identifier matches the literal reference

Applications converting a logical reference to a literal reference may choose to leave the logical reference present, or remove it.

Reference is intended to point to a structure that can potentially be expressed as a FHIR resource, though there is no need for it to exist as an actual FHIR resource instance - except in as much as an application wishes to actual find the target of the reference. The content referred to be the identifier must meet the logical constraints implied by any limitations on what resource types are permitted for the reference.  For example, it would not be legitimate to send the identifier for a drug prescription if the type were Reference(Observation|DiagnosticReport).  One of the use-cases for Reference.identifier is the situation where no FHIR representation exists (where the type is Reference (Any).

This element only allows for a single identifier. In the case where additional identifers are required, use the [http://hl7.org/fhir/StructureDefinition/additionalIdentifier](http://hl7.org/fhir/extensions/StructureDefinition-additionalIdentifier.html) extension.","","","","","","","","",,,,,"",,,,"Reference.identifier",0,1,"ref-2
","ele-1:All FHIR elements must have a @value or children {hasValue() or (children().count() > id.count())}
",".identifier"
"ICVPVaccineDetails.vaccine[x].identifier.id","ICVPVaccineDetails.vaccine[x].identifier.id","","","",0,1,"","","","id {[]} {[]}
","Unique id for inter-element referencing","Unique id for the element within a resource (for internal references). This may be any string value that does not contain spaces.","","","","","","","","","",,,,,"",,,,"Element.id",0,1,"ele-1
","","n/a"
"ICVPVaccineDetails.vaccine[x].identifier.extension","ICVPVaccineDetails.vaccine[x].identifier.extension","","extensions
user content","",0,*,"","","","Extension {[]} {[]}
","Additional content defined by implementations","May be used to represent additional information that is not part of the basic definition of the element. To make the use of extensions safe and managable, there is a strict set of governance applied to the definition and use of extensions. Though any implementer can define an extension, there is a set of requirements that SHALL be met as part of the definition of the extension.","There can be no stigma associated with the use of extensions by any application, project, or standard - regardless of the institution or jurisdiction that uses or defines the extensions.  The use of extensions is what allows the FHIR specification to retain a core level of simplicity for everyone.","","","","","","","","",,,,,"","value:url}
","Extensions are always sliced by (at least) url",,"open","Element.extension",0,*,"","ele-1:All FHIR elements must have a @value or children {hasValue() or (children().count() > id.count())}
ext-1:Must have either extensions or value[x], not both {extension.exists() != value.exists()}","n/a"
"ICVPVaccineDetails.vaccine[x].identifier.use","ICVPVaccineDetails.vaccine[x].identifier.use","","","",0,1,"","Y","Y","code {[]} {[]}
","usual | official | temp | secondary | old (If known)","The purpose of this identifier.","Applications can assume that an identifier is permanent unless it explicitly says that it is temporary.","Allows the appropriate identifier for a particular context of use to be selected from among a set of identifiers.","","","","","","","",,"required","Identifies the purpose for this identifier, if known .","http://hl7.org/fhir/ValueSet/identifier-use|5.0.0","",,,,"Identifier.use",0,1,"","ele-1:All FHIR elements must have a @value or children {hasValue() or (children().count() > id.count())}
","Role.code or implied by context"
"ICVPVaccineDetails.vaccine[x].identifier.type","ICVPVaccineDetails.vaccine[x].identifier.type","","","",0,1,"","","Y","CodeableConcept {[]} {[]}
","Description of identifier","A coded type for the identifier that can be used to determine which identifier to use for a specific purpose.","This element deals only with general categories of identifiers.  It SHOULD not be used for codes that correspond 1..1 with the Identifier.system. Some identifiers may fall into multiple categories due to common usage.   Where the system is known, a type is unnecessary because the type is always part of the system definition. However systems often need to handle identifiers where the system is not known. There is not a 1:1 relationship between type and system, since many different systems have the same type.","Allows users to make use of identifiers when the identifier system is not known.","","","","","","","",,"extensible","A coded type for an identifier that can be used to determine which identifier to use for a specific purpose.","http://hl7.org/fhir/ValueSet/identifier-type|5.0.0","",,,,"Identifier.type",0,1,"","ele-1:All FHIR elements must have a @value or children {hasValue() or (children().count() > id.count())}
","Role.code or implied by context"
"ICVPVaccineDetails.vaccine[x].identifier.system","ICVPVaccineDetails.vaccine[x].identifier.system","","","",0,1,"","","Y","uri {[]} {[]}
","The namespace for the identifier value","Establishes the namespace for the value - that is, an absolute URL that describes a set values that are unique.","Identifier.system is always case sensitive.","There are many sets  of identifiers.  To perform matching of two identifiers, we need to know what set we're dealing with. The system identifies a particular set of unique identifiers.","","","","","<valueUri xmlns=""http://hl7.org/fhir"" value=""http://www.acme.com/identifiers/patient""/>","","",,,,,"",,,,"Identifier.system",0,1,"","ele-1:All FHIR elements must have a @value or children {hasValue() or (children().count() > id.count())}
","II.root or Role.id.root"
"ICVPVaccineDetails.vaccine[x].identifier.value","ICVPVaccineDetails.vaccine[x].identifier.value","","","",0,1,"","","Y","string {[]} {[]}
","The value that is unique","The portion of the identifier typically relevant to the user and which is unique within the context of the system.","If the value is a full URI, then the system SHALL be urn:ietf:rfc:3986.  The value's primary purpose is computational mapping.  As a result, it may be normalized for comparison purposes (e.g. removing non-significant whitespace, dashes, etc.)  A value formatted for human display can be conveyed using the [http://hl7.org/fhir/StructureDefinition/rendered-value](http://hl7.org/fhir/extensions/StructureDefinition-rendered-value.html)). Identifier.value is to be treated as case sensitive unless knowledge of the Identifier.system allows the processer to be confident that non-case-sensitive processing is safe.","","","","","","<valueString xmlns=""http://hl7.org/fhir"" value=""123456""/>","","",,"required","","http://smart.who.int/icvp/ValueSet/ICVPProductIds","",,,,"Identifier.value",0,1,"ident-1
","ele-1:All FHIR elements must have a @value or children {hasValue() or (children().count() > id.count())}
","II.extension or II.root if system indicates OID or GUID (Or Role.id.extension or root)"
"ICVPVaccineDetails.vaccine[x].identifier.period","ICVPVaccineDetails.vaccine[x].identifier.period","","","",0,1,"","","Y","Period {[]} {[]}
","Time period when id is/was valid for use","Time period during which identifier is/was valid for use.","","","","","","","","","",,,,,"",,,,"Identifier.period",0,1,"","ele-1:All FHIR elements must have a @value or children {hasValue() or (children().count() > id.count())}
","Role.effectiveTime or implied by context"
"ICVPVaccineDetails.vaccine[x].identifier.assigner","ICVPVaccineDetails.vaccine[x].identifier.assigner","","","",0,1,"","","Y","Reference {[]} {[CanonicalType[http://hl7.org/fhir/StructureDefinition/Organization|5.0.0]]}
","Organization that issued id (may be just text)","Organization that issued/manages the identifier.","The Identifier.assigner may omit the .reference element and only contain a .display element reflecting the name or other textual information about the assigning organization.","","","","","","","","",,,,,"",,,,"Identifier.assigner",0,1,"","ele-1:All FHIR elements must have a @value or children {hasValue() or (children().count() > id.count())}
","II.assigningAuthorityName but note that this is an improper use by the definition of the field.  Also Role.scoper"
"ICVPVaccineDetails.vaccine[x].display","ICVPVaccineDetails.vaccine[x].display","","","",0,1,"","","Y","string {[]} {[]}
","Text alternative for the resource","Plain text narrative that identifies the resource in addition to the resource reference.","This is generally not the same as the Resource.text of the referenced resource.  The purpose is to identify what's being referenced, not to fully describe it.","","","","","","","","",,,,,"",,,,"Reference.display",0,1,"ref-2
","ele-1:All FHIR elements must have a @value or children {hasValue() or (children().count() > id.count())}
","N/A"
"ICVPVaccineDetails.date","ICVPVaccineDetails.date","","","",1,1,"","","","date {[]} {[]}
","Date","Date of vaccination","","","","","","","","","",,,,,"http://smart.who.int/trust-phw/CodeSystem/ICVP.Core#ICVP.C5.DE.13
http://loinc.org#30952-6 (Date and time of vaccination)",,,,"DVCVaccineDetails.date",1,1,"",""
"ICVPVaccineDetails.issuer","ICVPVaccineDetails.issuer","","","",0,1,"","","","Reference {[]} {[CanonicalType[http://hl7.org/fhir/StructureDefinition/Organization]]}
","Relevant authority responsible for issuing this certificate","Relevant authoring responsible for issuing the certificate, or for overseeing the administration center","","","","","","","","","",,,,,"http://smart.who.int/trust-phw/CodeSystem/ICVP.Core#ICVP.C5.DE.15
",,,,"DVCVaccineDetails.issuer",0,1,"",""
"ICVPVaccineDetails.clinicianName","ICVPVaccineDetails.clinicianName","","","",0,1,"","","","string {[]} {[]}
","Name of supervising clinician","Name of supervising clinician, of relevant authority responsible for issuing this certificate, or for overseeing the administering centre","","","","","","","","","",,,,,"http://smart.who.int/trust-phw/CodeSystem/ICVP.Core#ICVP.C5.DE.14
",,,,"DVCVaccineDetails.clinicianName",0,1,"",""
"ICVPVaccineDetails.manufacturer","ICVPVaccineDetails.manufacturer","","","",1,1,"","","","Reference {[]} {[CanonicalType[http://hl7.org/fhir/StructureDefinition/Organization]]}
","Manufacturer of vaccine or prophylaxis","Manufacturer of vaccine or prophylaxis","","","","","","","","","",,,,,"http://smart.who.int/trust-phw/CodeSystem/ICVP.Core#ICVP.C5.DE.16
http://loinc.org#30957-5 (Manufacturer name [Identifier] Vaccine)",,,,"DVCVaccineDetails.manufacturer",1,1,"",""
"ICVPVaccineDetails.batchNo","ICVPVaccineDetails.batchNo","","","",1,1,"","","","CodeableConcept {[]} {[]}
","Batch No. of vaccine or prophylaxis","Batch No. of vaccine or prophylaxis","","","","","","","","","",,,,,"http://smart.who.int/trust-phw/CodeSystem/ICVP.Core#ICVP.C5.DE.17
http://loinc.org#30959-1 (Lot number [Identifier] Vaccine)",,,,"DVCVaccineDetails.batchNo",1,1,"",""
"ICVPVaccineDetails.validity","ICVPVaccineDetails.validity","","","",1,1,"","","","Period {[]} {[]}
","Certificate valid from... until...","Certificate valid from... until...","","","","","","","","","",,,,,"http://smart.who.int/trust-phw/CodeSystem/ICVP.Core#ICVP.D5.DE.20
http://smart.who.int/trust-phw/CodeSystem/ICVP.Core#ICVP.D5.DE.21",,,,"DVCVaccineDetails.validity",1,1,"",""
