<?xml version="1.0" encoding="UTF-8"?>

<Bundle xmlns="http://hl7.org/fhir">
  <id value="DVCDocExample"/>
  <meta>
    <profile value="http://smart.who.int/icvp/StructureDefinition/DVCBundle"/>
  </meta>
  <language value="en-GB"/>
  <identifier>
    <system value="urn:oid:2.16.724.4.8.10.200.10"/>
    <value value="175bd032-8b00-4728-b2dc-748bb1501aed"/>
  </identifier>
  <type value="document"/>
  <timestamp value="2024-02-11T11:32:00+01:00"/>
  <entry>
    <fullUrl value="urn:uuid:24351938-53ea-4d4f-b07b-7f557656005e"/>
    <resource>
      <Composition>
        <id value="24351938-53ea-4d4f-b07b-7f557656005e"/>
        <text>
          <status value="generated"/><div xmlns="http://www.w3.org/1999/xhtml">To be added</div>
        </text>
        <identifier>
          <system value="urn:oid:2.16.724.4.8.10.200.10"/>
          <value value="d348b02a-3ab8-4cec-bbec-5186abca8c7d"/>
        </identifier>
        <status value="final"/>
        <type>
          <coding>
            <system value="http://loinc.org"/>
            <code value="60591-5"/>
            <display value="Patient summary Document"/>
          </coding>
        </type>
        <subject>
          <reference value="urn:uuid:175863f7-fdea-4d11-92ff-f33345a560e4"/>
        </subject>
        <date value="2017-12-11T14:30:00+01:00"/>
        <author>
          <reference value="urn:uuid:1c616b24-3895-48c4-9a02-9a64110351ef"/>
        </author>
        <title value="Patient Summary as of December 11, 2017 14:30"/>
        <confidentiality value="N"/>
        <section>
          <title value="Patient"/>
          <text>
            <status value="generated"/><div xmlns="http://www.w3.org/1999/xhtml">Sample patient</div>
          </text>
          <entry>
            <reference value="urn:uuid:175863f7-fdea-4d11-92ff-f33345a560e4"/>
          </entry>
        </section>
        <section>
          <title value="Immunization"/>
          <code>
            <coding>
              <system value="http://loinc.org"/>
              <code value="11369-6"/>
              <display value="History of Immunization"/>
            </coding>
          </code>
          <text>
            <status value="generated"/><div xmlns="http://www.w3.org/1999/xhtml">Immunization stuff</div>
          </text>
          <entry>
            <reference value="urn:uuid:bc283f8f-7092-4cc1-9d4d-8928b0341d00"/>
          </entry>
        </section>
      </Composition>
    </resource>
  </entry>
  <entry>
    <fullUrl value="urn:uuid:175863f7-fdea-4d11-92ff-f33345a560e4"/>
    <resource>
      <Patient>
        <id value="175863f7-fdea-4d11-92ff-f33345a560e4"/>
        <meta>
          <profile value="http://smart.who.int/icvp/StructureDefinition/DVCPatient"/>
        </meta>
        <text>
          <status value="generated"/><div xmlns="http://www.w3.org/1999/xhtml"><a name="Patient_175863f7-fdea-4d11-92ff-f33345a560e4"> </a><p class="res-header-id"><b>Generated Narrative: Patient 175863f7-fdea-4d11-92ff-f33345a560e4</b></p><a name="175863f7-fdea-4d11-92ff-f33345a560e4"> </a><a name="hc175863f7-fdea-4d11-92ff-f33345a560e4"> </a><a name="175863f7-fdea-4d11-92ff-f33345a560e4-en-US"> </a><p style="border: 1px #661aff solid; background-color: #e6e6ff; padding: 10px;">Test Patient(official) Female, DoB: 2023-02-04 ( Passport number)</p><hr/><table class="grid"><tr><td style="background-color: #f3f5da" title="Record is active">Active:</td><td colspan="3">true</td></tr><tr><td style="background-color: #f3f5da" title="The nationality of the patient.">Patient Nationality:</td><td colspan="3"><ul><li>code: <span title="Codes:">IND</span></li></ul></td></tr></table></div>
        </text>
        <extension url="http://hl7.org/fhir/StructureDefinition/patient-nationality">
          <extension url="code">
            <valueCodeableConcept>
              <coding>
                <code value="IND"/>
              </coding>
            </valueCodeableConcept>
          </extension>
        </extension>
        <identifier>
          <type>
            <coding>
              <system value="http://terminology.hl7.org/CodeSystem/v2-0203"/>
              <code value="PPN"/>
            </coding>
          </type>
          <system value="https://uidai.gov.in/"/>
          <value value="123456789012"/>
        </identifier>
        <active value="true"/>
        <name>
          <use value="official"/>
          <text value="Test Patient"/>
        </name>
        <gender value="female"/>
        <birthDate value="2023-02-04"/>
      </Patient>
    </resource>
  </entry>
  <entry>
    <fullUrl value="urn:uuid:bc283f8f-7092-4cc1-9d4d-8928b0341d00"/>
    <resource>
      <Immunization>
        <id value="bc283f8f-7092-4cc1-9d4d-8928b0341d00"/>
        <meta>
          <profile value="http://smart.who.int/icvp/StructureDefinition/DVCImmunization"/>
        </meta>
        <text>
          <status value="extensions"/><div xmlns="http://www.w3.org/1999/xhtml"><a name="Immunization_bc283f8f-7092-4cc1-9d4d-8928b0341d00"> </a><p class="res-header-id"><b>Generated Narrative: Immunization bc283f8f-7092-4cc1-9d4d-8928b0341d00</b></p><a name="bc283f8f-7092-4cc1-9d4d-8928b0341d00"> </a><a name="hcbc283f8f-7092-4cc1-9d4d-8928b0341d00"> </a><a name="bc283f8f-7092-4cc1-9d4d-8928b0341d00-en-US"> </a><p><b>ProductID</b>: PreQualProductIds YellowFeverProductd2c75a15ed309658b3968519ddb31690: YellowFeverProductd2c75a15ed309658b3968519ddb31690</p><p><b>status</b>: Completed</p><p><b>vaccineCode</b>: <span title="Codes:">XM0N24</span></p><p><b>patient</b>: <a href="Bundle-DVCDocExample.html#urn-uuid-175863f7-fdea-4d11-92ff-f33345a560e4">Bundle: identifier = urn:oid:2.16.724.4.8.10.200.10#175bd032-8b00-4728-b2dc-748bb1501aed; type = document; timestamp = 2024-02-11 11:32:00+0100</a></p><p><b>occurrence</b>: 2024-05-23</p><p><b>lotNumber</b>: 67890</p><h3>Performers</h3><table class="grid"><tr><td style="display: none">-</td><td><b>Actor</b></td></tr><tr><td style="display: none">*</td><td><code>urn:uuid:086a66bd-63d0-442a-900f-b540f6b8cebe</code></td></tr></table></div>
        </text>
        <extension url="http://smart.who.int/icvp/StructureDefinition/ProductID">
          <valueCoding>
            <system value="http://smart.who.int/pcmt-vaxprequal/CodeSystem/PreQualProductIds"/>
            <code value="YellowFeverProductd2c75a15ed309658b3968519ddb31690"/>
          </valueCoding>
        </extension>
        <status value="completed"/>
        <vaccineCode>
          <coding>
            <code value="XM0N24"/>
          </coding>
        </vaccineCode>
        <patient>
          <reference value="urn:uuid:175863f7-fdea-4d11-92ff-f33345a560e4"/>
        </patient>
        <occurrenceDateTime value="2024-05-23"/>
        <lotNumber value="67890"/>
        <performer>
          <actor>
            <reference value="urn:uuid:086a66bd-63d0-442a-900f-b540f6b8cebe"/>
          </actor>
        </performer>
      </Immunization>
    </resource>
  </entry>
</Bundle>