{
  "resourceType" : "ValueSet",
  "id" : "ICVPDiseaseTargeted",
  "text" : {
    "status" : "generated",
    "div" : "<div xmlns=\"http://www.w3.org/1999/xhtml\"><p class=\"res-header-id\"><b>Generated Narrative: ValueSet ICVPDiseaseTargeted</b></p><a name=\"ICVPDiseaseTargeted\"> </a><a name=\"hcICVPDiseaseTargeted\"> </a><ul><li>Include these codes as defined in <a href=\"http://terminology.hl7.org/6.5.0/CodeSystem-ICD11MMS.html\"><code>http://id.who.int/icd/release/11/mms</code></a><span title=\"Version is not explicity stated. No matching Code System found\"> version Not Stated (use latest from terminology server)</span><table class=\"none\"><tr><td style=\"white-space:nowrap\"><b>Code</b></td><td><b>Display</b></td></tr><tr><td>1D47</td><td>Yellow fever</td></tr><tr><td>1C81</td><td>Poliomyelitis</td></tr></table></li></ul></div>"
  },
  "url" : "http://smart.who.int/icvp/ValueSet/ICVPDiseaseTargeted",
  "version" : "0.2.0",
  "name" : "ICVPDiseaseTargeted",
  "title" : "ICVP Disease Targeted",
  "status" : "active",
  "date" : "2025-10-17T06:55:09+00:00",
  "publisher" : "WHO",
  "contact" : [{
    "name" : "WHO",
    "telecom" : [{
      "system" : "url",
      "value" : "http://who.int"
    }]
  }],
  "description" : "Value set for yellow fever and polio only",
  "compose" : {
    "include" : [{
      "system" : "http://id.who.int/icd/release/11/mms",
      "concept" : [{
        "code" : "1D47",
        "display" : "Yellow fever"
      },
      {
        "code" : "1C81",
        "display" : "Poliomyelitis"
      }]
    }]
  }
}