<?xml version="1.0" encoding="UTF-8"?>

<ValueSet xmlns="http://hl7.org/fhir">
  <id value="ICVPVaccineCodes"/>
  <text>
    <status value="extensions"/><div xmlns="http://www.w3.org/1999/xhtml"><p class="res-header-id"><b>Generated Narrative: ValueSet ICVPVaccineCodes</b></p><a name="ICVPVaccineCodes"> </a><a name="hcICVPVaccineCodes"> </a><a name="ICVPVaccineCodes-en-US"> </a><ul><li>Include these codes as defined in <a href="http://smart.who.int/ts/0.1.0/CodeSystem-ICD11.html"><code>http://id.who.int/icd/release/11/mms</code></a><table class="none"><tr><td style="white-space:nowrap"><b>Code</b></td><td><b>Display</b></td><td><b>Definition</b></td></tr><tr><td><a href="http://smart.who.int/ts/0.1.0/CodeSystem-ICD11.html#ICD11-XM0N24">XM0N24</a></td><td>Yellow fever vaccines</td><td>Yellow fever vaccine</td></tr><tr><td><a href="http://smart.who.int/ts/0.1.0/CodeSystem-ICD11.html#ICD11-XM3418">XM3418</a></td><td>Yellow fever, live attenuated</td><td>Yellow fever, live attenuated</td></tr><tr><td><a href="http://smart.who.int/ts/0.1.0/CodeSystem-ICD11.html#ICD11-XM0N50">XM0N50</a></td><td>Poliomyelitis vaccines</td><td>Poliomyelitis vaccines</td></tr><tr><td><a href="http://smart.who.int/ts/0.1.0/CodeSystem-ICD11.html#ICD11-XM1LX9">XM1LX9</a></td><td>Diphtheria, hemophilus influenzae B, pertussis, poliomyelitis, tetanus vaccines</td><td>Diphtheria, hemophilus influenzae B, pertussis, poliomyelitis, tetanus vaccines</td></tr><tr><td><a href="http://smart.who.int/ts/0.1.0/CodeSystem-ICD11.html#ICD11-XM09Q7">XM09Q7</a></td><td>Diphtheria, pertussis, poliomyelitis, tetanus vaccines</td><td>Diphtheria, pertussis, poliomyelitis, tetanus vaccines</td></tr><tr><td><a href="http://smart.who.int/ts/0.1.0/CodeSystem-ICD11.html#ICD11-XM0LT9">XM0LT9</a></td><td>Diphtheria, pertussis, poliomyelitis, tetanus, hepatitis B vaccines</td><td>Diphtheria, pertussis, poliomyelitis, tetanus, hepatitis B vaccines</td></tr><tr><td><a href="http://smart.who.int/ts/0.1.0/CodeSystem-ICD11.html#ICD11-XM8AW1">XM8AW1</a></td><td>Diphtheria, poliomyelitis, tetanus vaccines</td><td>Diphtheria, poliomyelitis, tetanus vaccines</td></tr><tr><td><a href="http://smart.who.int/ts/0.1.0/CodeSystem-ICD11.html#ICD11-XM01H1">XM01H1</a></td><td>Hemophilus influenzae B and poliomyelitis vaccines</td><td>Hemophilus influenzae B and poliomyelitis vaccines</td></tr><tr><td><a href="http://smart.who.int/ts/0.1.0/CodeSystem-ICD11.html#ICD11-XM21E6">XM21E6</a></td><td>Diphtheria tetanus, acellular pertussis, inactivated polio virus, haemophilus Influenzae type B vaccines</td><td>Diphtheria tetanus, acellular pertussis, inactivated polio virus, haemophilus Influenzae type B vaccines</td></tr><tr><td><a href="http://smart.who.int/ts/0.1.0/CodeSystem-ICD11.html#ICD11-XM84S1">XM84S1</a></td><td>Diphtheria, hepatitis B, tetanus, acellular pertussis, inactivated polio virus, haemophilus Influenzae type B vaccines</td><td>Diphtheria, hepatitis B, tetanus, acellular pertussis, inactivated polio virus, haemophilus Influenzae type B vaccines</td></tr><tr><td><a href="http://smart.who.int/ts/0.1.0/CodeSystem-ICD11.html#ICD11-XM9JP8">XM9JP8</a></td><td>Diphtheria, tetanus, acellular pertussis, inactivated polio virus vaccines</td><td>Diphtheria, tetanus, acellular pertussis, inactivated polio virus vaccines</td></tr><tr><td><a href="http://smart.who.int/ts/0.1.0/CodeSystem-ICD11.html#ICD11-XM5V19">XM5V19</a></td><td>Poliomyelitis, trivalent, inactivated, whole virus</td><td>Poliomyelitis, trivalent, inactivated, whole virus</td></tr><tr><td><a href="http://smart.who.int/ts/0.1.0/CodeSystem-ICD11.html#ICD11-XM79H3">XM79H3</a></td><td>Poliomyelitis oral, bivalent, live attenuated</td><td>Poliomyelitis oral, bivalent, live attenuated</td></tr><tr><td><a href="http://smart.who.int/ts/0.1.0/CodeSystem-ICD11.html#ICD11-XM0VX8">XM0VX8</a></td><td>Poliomyelitis oral, monovalent live attenuated</td><td>Poliomyelitis oral, monovalent live attenuated</td></tr><tr><td><a href="http://smart.who.int/ts/0.1.0/CodeSystem-ICD11.html#ICD11-XM0KZ1">XM0KZ1</a></td><td>Poliomyelitis oral, trivalent, live attenuated</td><td>Poliomyelitis oral, trivalent, live attenuated</td></tr></table></li></ul></div>
  </text>
  <url value="http://smart.who.int/icvp/ValueSet/ICVPVaccineCodes"/>
  <version value="0.1.0"/>
  <name value="ICVPVaccineCodes"/>
  <title value="ICVP - Vaccine Codes"/>
  <status value="draft"/>
  <date value="2025-02-16T09:16:48+00:00"/>
  <publisher value="WHO"/>
  <contact>
    <name value="WHO"/>
    <telecom>
      <system value="url"/>
      <value value="http://who.int"/>
    </telecom>
  </contact>
  <description value="This value set includes codes from ICVP"/>
  <compose>
    <include>
      <system value="http://id.who.int/icd/release/11/mms"/>
      <concept>
        <code value="XM0N24"/>
        <display value="Yellow fever vaccines"/>
      </concept>
      <concept>
        <code value="XM3418"/>
        <display value="Yellow fever, live attenuated"/>
      </concept>
      <concept>
        <code value="XM0N50"/>
        <display value="Poliomyelitis vaccines"/>
      </concept>
      <concept>
        <code value="XM1LX9"/>
        <display value="Diphtheria, hemophilus influenzae B, pertussis, poliomyelitis, tetanus vaccines"/>
      </concept>
      <concept>
        <code value="XM09Q7"/>
        <display value="Diphtheria, pertussis, poliomyelitis, tetanus vaccines"/>
      </concept>
      <concept>
        <code value="XM0LT9"/>
        <display value="Diphtheria, pertussis, poliomyelitis, tetanus, hepatitis B vaccines"/>
      </concept>
      <concept>
        <code value="XM8AW1"/>
        <display value="Diphtheria, poliomyelitis, tetanus vaccines"/>
      </concept>
      <concept>
        <code value="XM01H1"/>
        <display value="Hemophilus influenzae B and poliomyelitis vaccines"/>
      </concept>
      <concept>
        <code value="XM21E6"/>
        <display value="Diphtheria tetanus, acellular pertussis, inactivated polio virus, haemophilus Influenzae type B vaccines"/>
      </concept>
      <concept>
        <code value="XM84S1"/>
        <display value="Diphtheria, hepatitis B, tetanus, acellular pertussis, inactivated polio virus, haemophilus Influenzae type B vaccines"/>
      </concept>
      <concept>
        <code value="XM9JP8"/>
        <display value="Diphtheria, tetanus, acellular pertussis, inactivated polio virus vaccines"/>
      </concept>
      <concept>
        <code value="XM5V19"/>
        <display value="Poliomyelitis, trivalent, inactivated, whole virus"/>
      </concept>
      <concept>
        <code value="XM79H3"/>
        <display value="Poliomyelitis oral, bivalent, live attenuated"/>
      </concept>
      <concept>
        <code value="XM0VX8"/>
        <display value="Poliomyelitis oral, monovalent live attenuated"/>
      </concept>
      <concept>
        <code value="XM0KZ1"/>
        <display value="Poliomyelitis oral, trivalent, live attenuated"/>
      </concept>
    </include>
  </compose>
</ValueSet>