{
  "resourceType" : "ValueSet",
  "id" : "DiseaseTargeted",
  "text" : {
    "status" : "extensions",
    "div" : "<div xmlns=\"http://www.w3.org/1999/xhtml\"><p class=\"res-header-id\"><b>Generated Narrative: ValueSet DiseaseTargeted</b></p><a name=\"DiseaseTargeted\"> </a><a name=\"hcDiseaseTargeted\"> </a><a name=\"DiseaseTargeted-en-US\"> </a><ul><li>Include these codes as defined in <a href=\"http://smart.who.int/ts/0.1.0/CodeSystem-ICD11.html\"><code>http://id.who.int/icd/release/11/mms</code></a><table class=\"none\"><tr><td style=\"white-space:nowrap\"><b>Code</b></td><td><b>Display</b></td><td><b>Definition</b></td></tr><tr><td><a href=\"http://smart.who.int/ts/0.1.0/CodeSystem-ICD11.html#ICD11-1A07\">1A07</a></td><td>Typhoid</td><td>Typhoid</td></tr><tr><td><a href=\"http://smart.who.int/ts/0.1.0/CodeSystem-ICD11.html#ICD11-1E32\">1E32</a></td><td>Influenza</td><td>Influenza</td></tr><tr><td><a href=\"http://smart.who.int/ts/0.1.0/CodeSystem-ICD11.html#ICD11-1F03\">1F03</a></td><td>Measles</td><td>Measles</td></tr><tr><td><a href=\"http://smart.who.int/ts/0.1.0/CodeSystem-ICD11.html#ICD11-1C12\">1C12</a></td><td>Pertussis</td><td>Pertussis</td></tr><tr><td><a href=\"http://smart.who.int/ts/0.1.0/CodeSystem-ICD11.html#ICD11-1D80\">1D80</a></td><td>Mumps</td><td>Mumps</td></tr><tr><td><a href=\"http://smart.who.int/ts/0.1.0/CodeSystem-ICD11.html#ICD11-1E90\">1E90</a></td><td>Varicella</td><td>Varicella</td></tr><tr><td><a href=\"http://smart.who.int/ts/0.1.0/CodeSystem-ICD11.html#ICD11-1E50.460\">1E50.0</a></td><td>Viral hepatitis A</td><td>Viral hepatitis A</td></tr><tr><td><a href=\"http://smart.who.int/ts/0.1.0/CodeSystem-ICD11.html#ICD11-1B1Z\">1B1Z</a></td><td>Tuberculosis</td><td>Tuberculosis</td></tr><tr><td><a href=\"http://smart.who.int/ts/0.1.0/CodeSystem-ICD11.html#ICD11-1E50.461\">1E50.1</a></td><td>Viral hepatitis B</td><td>Viral hepatitis B</td></tr><tr><td><a href=\"http://smart.who.int/ts/0.1.0/CodeSystem-ICD11.html#ICD11-XN0FG\">XN0FG</a></td><td>Haemophilus influenzae type b</td><td>Haemophilus influenzae type b</td></tr><tr><td><a href=\"http://smart.who.int/ts/0.1.0/CodeSystem-ICD11.html#ICD11-1C13\">1C13</a></td><td>Tetanus</td><td>Tetanus</td></tr><tr><td><a href=\"http://smart.who.int/ts/0.1.0/CodeSystem-ICD11.html#ICD11-XN6N7\">XN6N7</a></td><td>Rotavirus</td><td>Rotavirus</td></tr><tr><td><a href=\"http://smart.who.int/ts/0.1.0/CodeSystem-ICD11.html#ICD11-XN8JY\">XN8JY</a></td><td>Human papillomavirus</td><td>Human papillomavirus</td></tr><tr><td><a href=\"http://smart.who.int/ts/0.1.0/CodeSystem-ICD11.html#ICD11-1C85\">1C85</a></td><td>Japanese encephalitis</td><td>Japanese encephalitis</td></tr><tr><td><a href=\"http://smart.who.int/ts/0.1.0/CodeSystem-ICD11.html#ICD11-1C81\">1C81</a></td><td>Poliomyelitis</td><td>Poliomyelitis</td></tr><tr><td><a href=\"http://smart.who.int/ts/0.1.0/CodeSystem-ICD11.html#ICD11-1C17\">1C17</a></td><td>Diphtheria</td><td>Diphtheria</td></tr><tr><td><a href=\"http://smart.who.int/ts/0.1.0/CodeSystem-ICD11.html#ICD11-CA40.4607\">CA40.07</a></td><td>Pneumococcal disease</td><td>Pneumococcal disease</td></tr><tr><td><a href=\"http://smart.who.int/ts/0.1.0/CodeSystem-ICD11.html#ICD11-1F02\">1F02</a></td><td>Rubella</td><td>Rubella</td></tr><tr><td><a href=\"http://smart.who.int/ts/0.1.0/CodeSystem-ICD11.html#ICD11-1D2Z\">1D2Z</a></td><td>Dengue</td><td>Dengue</td></tr><tr><td><a href=\"http://smart.who.int/ts/0.1.0/CodeSystem-ICD11.html#ICD11-1C82\">1C82</a></td><td>Rabies</td><td>Rabies</td></tr><tr><td><a href=\"http://smart.who.int/ts/0.1.0/CodeSystem-ICD11.html#ICD11-1C1C\">1C1C</a></td><td>Meningococcal</td><td>Meningococcal</td></tr><tr><td><a href=\"http://smart.who.int/ts/0.1.0/CodeSystem-ICD11.html#ICD11-1A00\">1A00</a></td><td>Cholera</td><td>Cholera</td></tr><tr><td><a href=\"http://smart.who.int/ts/0.1.0/CodeSystem-ICD11.html#ICD11-1C80\">1C80</a></td><td>Tick-borne encephalitis</td><td>Tick-borne encephalitis</td></tr><tr><td><a href=\"http://smart.who.int/ts/0.1.0/CodeSystem-ICD11.html#ICD11-1D47\">1D47</a></td><td>Yellow fever</td><td>Yellow fever</td></tr><tr><td><a href=\"http://smart.who.int/ts/0.1.0/CodeSystem-ICD11.html#ICD11-RA01\">RA01</a></td><td>COVID-19</td><td>COVID-19</td></tr></table></li></ul></div>"
  },
  "url" : "http://smart.who.int/icvp/ValueSet/DiseaseTargeted",
  "version" : "0.1.0",
  "name" : "DiseaseTargeted",
  "title" : "Disease Targeted",
  "status" : "draft",
  "date" : "2025-02-16T09:16:48+00:00",
  "publisher" : "WHO",
  "contact" : [{
    "name" : "WHO",
    "telecom" : [{
      "system" : "url",
      "value" : "http://who.int"
    }]
  }],
  "description" : "Value set for all diseases",
  "compose" : {
    "include" : [{
      "system" : "http://id.who.int/icd/release/11/mms",
      "concept" : [{
        "code" : "1A07",
        "display" : "Typhoid"
      },
      {
        "code" : "1E32",
        "display" : "Influenza"
      },
      {
        "code" : "1F03",
        "display" : "Measles"
      },
      {
        "code" : "1C12",
        "display" : "Pertussis"
      },
      {
        "code" : "1D80",
        "display" : "Mumps"
      },
      {
        "code" : "1E90",
        "display" : "Varicella"
      },
      {
        "code" : "1E50.0",
        "display" : "Viral hepatitis A"
      },
      {
        "code" : "1B1Z",
        "display" : "Tuberculosis"
      },
      {
        "code" : "1E50.1",
        "display" : "Viral hepatitis B"
      },
      {
        "code" : "XN0FG",
        "display" : "Haemophilus influenzae type b"
      },
      {
        "code" : "1C13",
        "display" : "Tetanus"
      },
      {
        "code" : "XN6N7",
        "display" : "Rotavirus"
      },
      {
        "code" : "XN8JY",
        "display" : "Human papillomavirus"
      },
      {
        "code" : "1C85",
        "display" : "Japanese encephalitis"
      },
      {
        "code" : "1C81",
        "display" : "Poliomyelitis"
      },
      {
        "code" : "1C17",
        "display" : "Diphtheria"
      },
      {
        "code" : "CA40.07",
        "display" : "Pneumococcal disease"
      },
      {
        "code" : "1F02",
        "display" : "Rubella"
      },
      {
        "code" : "1D2Z",
        "display" : "Dengue"
      },
      {
        "code" : "1C82",
        "display" : "Rabies"
      },
      {
        "code" : "1C1C",
        "display" : "Meningococcal"
      },
      {
        "code" : "1A00",
        "display" : "Cholera"
      },
      {
        "code" : "1C80",
        "display" : "Tick-borne encephalitis"
      },
      {
        "code" : "1D47",
        "display" : "Yellow fever"
      },
      {
        "code" : "RA01",
        "display" : "COVID-19"
      }]
    }]
  }
}